order_id,customer_id,order_status,order_purchase_timestamp,order_approved_at,order_delivered_carrier_date,order_delivered_customer_date,order_estimated_delivery_date
00010242fe8c5a6d1ba2dd792cb16214,3ce436f183e68e07877b285a838db11a,delivered,2017/9/13 8:59,2017/9/13 9:45,2017/9/19 18:34,2017/9/20 23:43,2017/9/29 0:00
00018f77f2f0320c557190d7a144bdd3,f6dd3ec061db4e3987629fe6b26e5cce,delivered,2017/4/26 10:53,2017/4/26 11:05,2017/5/4 14:35,2017/5/12 16:04,2017/5/15 0:00
000229ec398224ef6ca0657da4fc703e,6489ae5e4333f3693df5ad4372dab6d3,delivered,2018/1/14 14:33,2018/1/14 14:48,2018/1/16 12:36,2018/1/22 13:19,2018/2/5 0:00
00024acbcdf0a6daa1e931b038114c75,d4eb9395c8c0431ee92fce09860c5a06,delivered,2018/8/8 10:00,2018/8/8 10:10,2018/8/10 13:28,2018/8/14 13:32,2018/8/20 0:00
00042b26cf59d7ce69dfabb4e55b4fd9,58dbd0b2d70206bf40e62cd34e84d795,delivered,2017/2/4 13:57,2017/2/4 14:10,2017/2/16 9:46,2017/3/1 16:42,2017/3/17 0:00
00048cc3ae777c65dbb7d2a0634bc1ea,816cbea969fe5b689b39cfc97a506742,delivered,2017/5/15 21:42,2017/5/17 3:55,2017/5/17 11:05,2017/5/22 13:44,2017/6/6 0:00
00054e8431b9d7675808bcb819fb4a32,32e2e6ab09e778d99bf2e0ecd4898718,delivered,2017/12/10 11:53,2017/12/10 12:10,2017/12/12 1:07,2017/12/18 22:03,2018/1/4 0:00
000576fe39319847cbb9d288c5617fa6,9ed5e522dd9dd85b4af4a077526d8117,delivered,2018/7/4 12:08,2018/7/5 16:35,2018/7/5 12:15,2018/7/9 14:04,2018/7/25 0:00
0005a1a1728c9d785b8e2b08b904576c,16150771dfd4776261284213b89c304e,delivered,2018/3/19 18:40,2018/3/20 18:35,2018/3/28 0:37,2018/3/29 18:17,2018/3/29 0:00
0005f50442cb953dcd1d21e1fb923495,351d3cb2cee3c7fd0af6616c82df21d3,delivered,2018/7/2 13:59,2018/7/2 14:10,2018/7/3 14:25,2018/7/4 17:28,2018/7/23 0:00
00061f2a7bc09da83e415a52dc8a4af1,c6fc061d86fab1e2b2eac259bac71a49,delivered,2018/3/24 22:16,2018/3/24 22:28,2018/3/27 5:26,2018/3/29 0:04,2018/4/9 0:00
00063b381e2406b52ad429470734ebd5,6a899e55865de6549a58d2c6845e5604,delivered,2018/7/27 17:21,2018/7/27 18:00,2018/7/30 14:52,2018/8/7 13:56,2018/8/7 0:00
0006ec9db01a64e59a68b2c340bf65a7,5d178120c29c61748ea95bac23cb8f25,delivered,2018/7/24 17:04,2018/7/24 17:24,2018/7/25 11:02,2018/7/31 1:04,2018/8/22 0:00
0008288aa423d2a3f00fcb17cd7d8719,2355af7c75e7c98b43a87b2a7f210dc5,delivered,2018/2/13 22:10,2018/2/15 3:55,2018/2/20 18:23,2018/2/26 13:55,2018/3/6 0:00
0009792311464db532ff765bf7b182ae,2a30c97668e81df7c17a8b14447aeeba,delivered,2018/8/14 20:43,2018/8/15 12:15,2018/8/15 15:28,2018/8/22 12:02,2018/8/28 0:00
0009c9a17f916a706d71784483a5d643,8a250edc40ebc5c3940ebc940f16a7eb,delivered,2018/4/25 9:10,2018/4/25 9:33,2018/4/27 15:14,2018/4/30 17:54,2018/5/9 0:00
000aed2e25dbad2f9ddb70584c5a2ded,fff5169e583fd07fac9fec88962f189d,delivered,2018/5/11 20:33,2018/5/11 20:57,2018/5/16 14:26,2018/5/18 16:46,2018/5/22 0:00
000c3e6612759851cc3cbb4b83257986,3773bcf1a6fbd29233ea1c1b573c4f22,delivered,2017/8/12 10:08,2017/8/15 3:35,2017/8/15 15:32,2017/8/19 15:22,2017/9/1 0:00
000e562887b1f2006d75e0be9558292e,2b01d668726fb0b751c55918c0437b7b,delivered,2018/2/22 11:54,2018/2/22 12:08,2018/2/26 14:18,2018/3/12 18:46,2018/3/19 0:00
000e63d38ae8c00bbcb5a30573b99628,98884e672c5ba85f4394f2044e1a3eab,delivered,2018/3/23 19:48,2018/3/23 20:07,2018/3/26 21:38,2018/3/27 14:51,2018/4/5 0:00
000e906b789b55f64edcb1f84030f90d,6a3b2fc9f270df258605e22bef19fd88,delivered,2017/11/21 18:54,2017/11/21 19:09,2017/11/22 20:46,2017/12/9 17:27,2017/12/7 0:00
000f25f4d72195062c040b12dce9a18a,86ade8ebc14f18dd6c3ea75bd0eb7534,delivered,2018/3/7 10:33,2018/3/7 11:10,2018/3/16 15:58,2018/3/22 16:51,2018/4/11 0:00
001021efaa8636c29475e7734483457d,2dfbf74859104caf100df3720a1d833d,delivered,2018/2/27 9:27,2018/2/27 9:35,2018/2/27 21:43,2018/3/8 20:06,2018/3/23 0:00
0010b2e5201cc5f1ae7e9c6cc8f5bd00,57ef317d4818cb42680fc9dfd13867ce,delivered,2017/9/11 17:39,2017/9/11 18:04,2017/9/12 17:02,2017/9/23 13:21,2017/9/27 0:00
0010dedd556712d7bb69a19cb7bbd37a,3a92efdb6e6163dc1734d44f2f5f6d04,unavailable,2017/10/21 19:32,2017/10/24 3:25,0000-00-00 00:00:00,0000-00-00 00:00:00,2017/11/3 0:00
00119ff934e539cf26f92b9ef0cdfed8,7dd2e283f47deac853cf70f3b63c8d86,delivered,2017/8/6 0:42,2017/8/7 0:35,2017/8/7 21:12,2017/8/16 17:29,2017/8/31 0:00
0011d82c4b53e22e84023405fb467e57,2013d892495e1a101d742d533d2d1119,delivered,2018/1/16 21:43,2018/1/16 21:51,2018/1/23 22:08,2018/1/26 22:14,2018/2/15 0:00
00125cb692d04887809806618a2a145f,8afb90a97ee661103014329b1bcea1a2,delivered,2017/3/23 12:21,2017/3/23 13:05,2017/3/27 8:58,2017/4/7 15:32,2017/4/20 0:00
00130c0eee84a3d909e75bc08c5c3ca1,47d656c08a282ec5ab4c1f18303a3a30,delivered,2018/6/11 21:17,2018/6/12 5:16,2018/6/12 14:22,2018/6/13 15:28,2018/6/20 0:00
0013503b13da1eac686219390b7d641b,f7277fce45fad3165379c15cacf5ddbe,delivered,2017/12/5 23:40,2017/12/7 3:16,2017/12/7 22:59,2017/12/20 22:46,2017/12/28 0:00
00137e170939bba5a3134e2386413108,7b63cba66b8e6d002e94d0990c1e2868,delivered,2017/11/24 16:50,2017/11/25 6:30,2017/11/28 19:43,2017/12/11 19:12,2017/12/18 0:00
001427c0ec99cf8af737bd88e92fd444,eab9c552374be06ed15923016dc9e588,delivered,2018/4/7 18:51,2018/4/7 19:08,2018/4/9 23:29,2018/4/25 23:38,2018/5/10 0:00
00143d0f86d6fbd9f9b38ab440ac16f5,2e45292979b9b2700ea09560eeb0f803,delivered,2017/10/16 15:29,2017/10/16 16:07,2017/10/16 23:04,2017/10/27 18:43,2017/11/6 0:00
0014ae671de39511f7575066200733b7,41065d9dcea52218c3943d2eed072b97,delivered,2017/5/22 13:49,2017/5/23 3:15,2017/5/29 9:04,2017/6/7 13:52,2017/6/13 0:00
0015ebb40fb17286bea51d4607c4733c,da43a556bf5c36a1104c473cff77de6c,delivered,2018/1/14 9:01,2018/1/14 9:11,2018/1/17 22:56,2018/2/1 20:29,2018/2/15 0:00
00169e31ef4b29deaae414f9a5e95929,efb3830adb68fb8a89c948774388ec28,delivered,2018/1/16 9:26,2018/1/17 3:35,2018/1/17 16:46,2018/1/23 20:19,2018/2/7 0:00
0016dfedd97fc2950e388d2971d718c7,2c8b917c5d7dd720ebe36a5ed3b501ec,delivered,2017/4/28 19:54,2017/4/29 10:05,2017/5/16 8:40,2017/5/22 18:32,2017/6/1 0:00
0017afd5076e074a48f1f1a4c7bac9c5,8085a9af46f619bc25966f151a362b0d,delivered,2017/4/6 22:16,2017/4/6 22:25,2017/4/17 13:54,2017/5/23 8:32,2017/5/19 0:00
001862358bf858722e1e2ae000cfed8b,2cf869dd40c98f29686f636d83545cce,delivered,2018/2/6 19:11,2018/2/7 19:10,2018/2/8 17:44,2018/2/15 22:57,2018/3/2 0:00
0019c29108428acffd089c36103c9440,5f6bbac628ae418db4e0f92932f899c1,delivered,2018/3/6 6:40,2018/3/6 6:50,2018/3/7 1:20,2018/3/16 22:34,2018/4/11 0:00
001ab0a7578dd66cd4b0a71f5b6e1e41,8bb3bef4e75a95524235cdc11a7331af,delivered,2017/12/27 0:38,2017/12/28 2:33,2017/12/28 18:09,2018/1/17 20:43,2018/1/29 0:00
001ac194d4a326a6fa99b581e9a3d963,f4f17ada91ef010cbde3892ae54e625f,delivered,2018/7/4 11:39,2018/7/6 2:51,2018/7/6 8:58,2018/7/12 17:48,2018/7/17 0:00
001b76dd48a5b1eee3e87778daa40df8,a62843b08086d1629415a203a7fd419d,delivered,2018/3/26 17:42,2018/3/26 17:50,2018/3/29 23:32,2018/4/6 18:36,2018/4/27 0:00
001c85b5f68d2be0cb0797afc9e8ce9a,48ed31e735f1c420ed6ca3637b7c744d,delivered,2017/11/24 19:19,2017/11/24 22:38,2017/11/27 12:42,2017/12/22 18:37,2017/12/14 0:00
001d8f0e34a38c37f7dba2a37d4eba8b,d987da9fb4086ab7c2c0f83963cd6722,delivered,2017/5/14 17:19,2017/5/14 17:35,2017/5/24 15:45,2017/5/26 13:14,2017/5/24 0:00
001daeb0eddc45b999bad0801ad9d273,3ba02060e681d361d603d5f7ef0a730b,delivered,2017/5/17 23:19,2017/5/19 2:15,2017/5/19 10:03,2017/6/8 15:34,2017/6/19 0:00
001dbc16dc51075e987543d23a0507c7,698a74f33469466fa4172e829505d1c6,delivered,2017/1/28 13:17,2017/1/28 13:32,2017/2/1 15:59,2017/2/13 13:17,2017/3/20 0:00
001e7ba991be1b19605ca0316e7130f9,b6a1445ee505f3a95c827e7a5188ad02,delivered,2017/3/18 11:47,2017/3/18 11:47,2017/3/20 10:14,2017/3/28 14:23,2017/4/12 0:00
001e7cf2ad6bef3ade12ebc56ceaf0f3,d1684ed69f8fd574b7c344de923f379a,delivered,2018/5/19 10:29,2018/5/19 10:59,2018/5/21 14:34,2018/6/4 18:08,2018/6/5 0:00
0020262c8a370bd5a174ea6a2a267321,9ec353f970bdf785f6568724d9ea19aa,delivered,2017/11/28 9:32,2017/11/28 9:58,2017/11/29 0:09,2017/12/2 12:27,2017/12/22 0:00
0020a222f55eb79a372d0efee3cca688,0c45155afd8ff99622c40824057f9b34,delivered,2017/8/15 2:45,2017/8/15 3:03,2017/8/15 16:40,2017/8/24 19:19,2017/9/6 0:00
002175704e8b209f61b9ad5cfd92b60e,a562db3c7cb9a68947debd30879b491e,delivered,2018/4/22 12:13,2018/4/24 17:24,2018/4/23 19:03,2018/5/2 20:38,2018/5/14 0:00
00229e4e43f7a7e0b9dd819ad43268d3,655418b3cc52d17ccb5b4330a7f03197,delivered,2018/3/31 16:41,2018/3/31 16:50,2018/4/2 22:38,2018/4/5 19:02,2018/4/26 0:00
0025081dcf9330f9a5052ae82c6ce396,7e6fefa11d6a2c832593264f69df9de3,delivered,2018/3/27 16:25,2018/3/27 16:35,2018/3/28 17:58,2018/4/5 23:48,2018/4/17 0:00
00254baeb6c932b0a8aeead91fbd02b5,ce0421a97232c2a1194cdb66cd3ebb9d,delivered,2018/5/8 21:45,2018/5/8 22:14,2018/5/9 13:51,2018/5/30 19:38,2018/6/5 0:00
00259a44fcad3fc0474329e925d14fc3,7715f80f77f2ebf4583f97a0a6a7548b,delivered,2017/12/27 17:52,2017/12/27 17:59,2017/12/28 21:53,2018/1/4 13:32,2018/1/22 0:00
0025c5d1a8ca53a240ec2634bb4492ea,2430ad4b1b6efb56cf3050b5d3cf5e54,delivered,2018/7/8 9:17,2018/7/8 9:30,2018/7/10 13:36,2018/7/31 10:51,2018/8/3 0:00
002611a77fe03d076285fd4ca95db77c,2b6cb6a4852a866c3b71dcbc7c5a2fce,delivered,2018/2/27 17:46,2018/3/1 2:49,2018/3/2 3:12,2018/3/22 19:03,2018/3/26 0:00
002691433f09002ac9ca0c4e8dbb8ead,630b8c2f4134e83812d827e8006caa85,delivered,2017/2/2 21:18,2017/2/2 21:30,2017/2/3 12:34,2017/2/7 13:04,2017/3/3 0:00
0026a368634b6e6f34f33b1499773a30,66b8528f2144c6cf919795323c4d43fb,delivered,2017/10/27 21:10,2017/10/27 21:26,2017/11/3 20:59,2017/11/7 21:58,2017/12/1 0:00
00275bce676303c3bfd7292aefdfa223,a12427487c970a4a75dbeb5884f126a8,delivered,2017/11/24 23:10,2017/11/28 3:39,2017/11/29 17:28,2017/12/4 19:42,2017/12/14 0:00
00276d5c3491fbf55305e26891040df9,54686c41e86854e35879efbd1c2cab1b,delivered,2018/2/13 11:47,2018/2/13 12:55,2018/2/20 23:19,2018/3/16 19:57,2018/3/22 0:00
002834535f7a609a5c68266f173fa59e,89a6b1bfbe1b366503995b8df4c49450,delivered,2018/7/23 17:26,2018/7/28 23:30,2018/7/24 15:53,2018/8/11 1:48,2018/8/14 0:00
0028de0ca693a1bb26448916a81105cc,4b4773853bbbc435ddddd51bd6c6a002,delivered,2018/8/15 14:59,2018/8/17 3:35,2018/8/17 9:45,2018/8/28 18:58,2018/9/11 0:00
002955b0acc63d04f6724a31967e82bd,accb4b4ad075d07a833eacca116071c7,delivered,2017/12/18 13:43,2017/12/18 15:51,2017/12/19 17:51,2017/12/26 18:28,2018/1/16 0:00
0029c5db35ef291ce99d1262012e7daa,2f08bf21468eccdf69598582d4b89fb5,delivered,2018/8/25 0:09,2018/8/28 3:50,2018/8/29 13:24,2018/8/30 18:34,2018/9/3 0:00
0029f17cf0e7640c5cb6825af681303f,687223424c00a708c168301ebb8d16ef,delivered,2018/5/2 11:59,2018/5/2 12:14,2018/5/3 12:12,2018/5/10 23:42,2018/5/22 0:00
002af7fa9eb99d1456bceb6a13d6fc0b,bacf5021c97183a2a3946dff31e56098,delivered,2018/2/18 18:46,2018/2/18 19:46,2018/2/19 20:35,2018/3/12 18:15,2018/3/15 0:00
002b430ff89b3a24c31a1170acbbedea,8d69dbf0f4dcb6c90367e0877ae94732,delivered,2017/6/20 21:55,2017/6/20 22:10,2017/6/21 11:26,2017/6/29 14:57,2017/7/12 0:00
002b4e6fa42cd4a22cc86abc18fe9c05,a5fd6dd86d703cedc9ab6be3dba12816,delivered,2018/3/11 10:24,2018/3/11 10:35,2018/3/12 19:47,2018/3/19 22:34,2018/4/6 0:00
002c9def9c9b951b1bec6d50753c9891,06cf02bf583b05fd91bc8eec0f1b4c3f,delivered,2018/5/14 16:57,2018/5/15 17:37,2018/5/17 13:27,2018/5/18 14:37,2018/5/25 0:00
002d040018d12a3853c059f7f23ab5b1,d7a77284d0a56f6b1ecb8c344b60d3e4,delivered,2017/11/19 19:16,2017/11/21 3:47,2017/11/21 23:21,2017/11/27 18:54,2017/12/8 0:00
002f16b7bc4530031b7d90f791b12d8a,1eeffe21744883fbf61fbf138dbb8eee,delivered,2018/7/2 16:51,2018/7/2 17:11,2018/7/3 16:35,2018/7/6 18:14,2018/7/25 0:00
002f19a65a2ddd70a090297872e6d64e,7fa80efb1ef15ca4104627910c29791c,shipped,2018/3/21 13:05,2018/3/21 13:15,2018/3/22 0:13,0000-00-00 00:00:00,2018/4/16 0:00
002f98c0f7efd42638ed6100ca699b42,75fd1fb0bb511fc71ac2b2649c02b21b,delivered,2017/8/4 9:19,2017/8/4 9:30,2017/8/4 18:09,2017/8/7 19:07,2017/9/5 0:00
0030d783f979fbc5981e75613b057344,84ddc138522822dfb51b603c2f466a18,delivered,2017/11/24 20:03,2017/11/24 23:13,2017/12/15 19:34,2018/1/6 0:25,2017/12/15 0:00
0030ff924c38549807645976adeef2c0,c46e1af5a15417246a9c5e81ac964358,delivered,2018/3/25 16:52,2018/3/25 17:10,2018/4/7 1:18,2018/4/16 15:39,2018/4/20 0:00
00310b0c75bb13015ec4d82d341865a4,0dad07848c618cc5a4679a1bfe1db8d2,canceled,2018/8/15 14:29,2018/8/15 15:04,0000-00-00 00:00:00,0000-00-00 00:00:00,2018/8/29 0:00
00324b3eda39ba5ecce3945823e3594c,cbde8134b8a718381d08167dfc58ec8c,delivered,2018/4/10 1:14,2018/4/11 9:12,2018/4/16 19:30,2018/5/3 20:29,2018/4/30 0:00
0032d07457ae9c806c79368d7d9ce96b,d356c20816dc75a309628b5c17d89468,delivered,2018/3/10 18:53,2018/3/10 19:48,2018/3/13 17:16,2018/4/29 21:08,2018/4/17 0:00
003324c70b19a16798817b2b3640e721,43696894b5bf8fbe1a40b2148ea505a0,delivered,2017/5/18 19:04,2017/5/18 19:22,2017/5/19 16:04,2017/5/30 8:12,2017/6/7 0:00
00335b686d693c7d72deeb12f8e89227,d96e5c4400413a11fa8c9fd54be4a20b,delivered,2017/7/17 21:25,2017/7/19 3:45,2017/7/19 17:07,2017/9/12 20:58,2017/8/11 0:00
00335f75ea6a4455b524a8dd177067f5,32b84239e3f3904ac162d832454770c7,delivered,2018/4/25 21:47,2018/4/25 22:10,2018/4/27 14:49,2018/5/3 22:16,2018/5/28 0:00
00337fe25a3780b3424d9ad7c5a4b35e,4b1b5c848616a4b5fa9d76cb1d12067b,delivered,2017/9/25 17:39,2017/9/25 17:50,2017/9/26 22:31,2017/9/27 16:52,2017/10/10 0:00
003423b755b562962a6225a8de40d12e,18f1bb6325d50619d5c13b7a25b869fd,delivered,2018/7/8 11:28,2018/7/10 4:25,2018/7/13 15:00,2018/7/24 21:33,2018/8/8 0:00
00345f338696283410b7977d2e3efc89,3f9d223f86d2f243dd5a85fdc286c62a,delivered,2018/8/20 11:06,2018/8/20 15:12,2018/8/21 13:18,2018/8/30 21:13,2018/9/11 0:00
0035246a40f520710769010f752e7507,4bcf2ad7ccc061c13ff360aae5b7abcd,delivered,2017/8/17 0:57,2017/8/17 1:25,2017/8/22 15:33,2017/8/28 19:14,2017/9/6 0:00
0035c0b07126fe9c24a325216fb96064,c8c4991d84dbfef1f61c6152486db6d4,delivered,2017/11/24 1:08,2017/11/24 1:29,2017/11/28 17:17,2017/12/7 16:59,2018/1/3 0:00
0035e6b7ade84b3f5b86bd49814793df,3a0cc7c9af6abf8868dad5a1de4a16e1,delivered,2018/2/21 2:46,2018/2/21 7:10,2018/2/22 0:51,2018/2/26 16:49,2018/3/13 0:00
0036757472ece3dde52fd4bfd929c90e,ea477083e770db0655938e79149f8c24,delivered,2018/7/19 14:58,2018/7/19 15:10,2018/8/7 7:45,2018/8/9 14:33,2018/8/20 0:00
0036887767dea4bd43b1a88cd0d9477a,43bb6f9650ab2a7e6ef1c93168c4cfcf,delivered,2017/10/13 0:04,2017/10/14 0:07,2017/10/17 12:56,2017/10/23 19:09,2017/11/1 0:00
00378c6c981f234634c0b9d6128df6dd,f3476df115c5d26bdb6bfb71b5fb66af,delivered,2018/2/2 19:39,2018/2/2 19:50,2018/2/5 18:06,2018/2/26 21:36,2018/2/26 0:00
003822434f91204da0a51fe4cf2aba18,327679cc34d41d4c48ee5e55246aa6d6,delivered,2018/6/13 14:10,2018/6/15 2:37,2018/6/15 14:48,2018/6/19 13:34,2018/7/20 0:00
0039500db36d50d7d0bfaf23723550f3,90bd9911aed064dfc625750fbd83ebca,delivered,2018/7/6 10:37,2018/7/6 10:51,2018/7/7 9:15,2018/7/21 0:08,2018/8/3 0:00
003a7f59d7e08a9c61d9e2881fe6459c,f7838e5eeb3271df42376952e651e403,delivered,2018/8/19 12:51,2018/8/20 11:49,2018/8/22 12:04,2018/8/27 22:32,2018/8/29 0:00
003a94f778ef8cfd50247c8c1b582257,da108bc410acffb1400cf9caea65a332,delivered,2018/8/3 14:52,2018/8/3 15:05,2018/8/6 14:12,2018/8/24 0:18,2018/8/15 0:00
003cc6161d7a2593f2525cce0c330d32,7d9802889236ab8fc541bfb438978cd7,delivered,2018/8/3 19:33,2018/8/3 20:04,2018/8/6 15:02,2018/8/7 11:32,2018/8/8 0:00
003d0634280ff3d1d3a54459349a6899,cca819156e50623e9d3762ebeee308dc,delivered,2018/3/17 17:50,2018/3/17 18:08,2018/3/23 19:24,2018/3/27 22:34,2018/3/29 0:00
003d804eef0e1b856881cd18e0cc0d4c,1c1bfb2cd4aa789067295941c42120ff,delivered,2017/11/17 19:43,2017/11/18 12:15,2017/11/21 22:38,2018/1/10 23:19,2017/12/18 0:00
003d9fc84ad902adf2265248b5ffe1a4,8c66482ec333eae596c93a9131981a9a,delivered,2018/8/19 19:43,2018/8/20 19:35,2018/8/22 10:06,2018/8/27 18:17,2018/9/5 0:00
003edccf16bc5ec447f592913b3df2b4,ab3642244247c0c638253fe68ee4c345,delivered,2018/7/7 9:02,2018/7/7 10:15,2018/7/13 14:11,2018/8/2 23:07,2018/8/3 0:00
003f201cdd39cdd59b6447cff2195456,e41d728aab3d0dff5fb070f93eb61345,delivered,2018/2/21 16:59,2018/2/21 17:10,2018/2/23 0:07,2018/3/28 18:54,2018/3/22 0:00
003f9bcc09427647c4b9d361a523545b,a1a6d4f18deef15fee3ad4b6f36a7ce0,delivered,2018/2/6 13:06,2018/2/6 13:15,2018/2/6 21:52,2018/2/8 19:06,2018/2/22 0:00
00404fa7a687c8c44ca69d42695aae73,0c34c39c897304ff49eeade3059c4c60,delivered,2018/5/7 22:38,2018/5/9 4:31,2018/5/10 18:29,2018/5/18 19:04,2018/5/24 0:00
0040a56893444cb56cba7cfe2225e34e,74454d0e51e0eeaaaa9b7b135469c420,delivered,2018/1/22 23:50,2018/1/23 0:15,2018/1/23 23:46,2018/2/14 23:12,2018/2/21 0:00
004157daafa0bc8672e01f00e4f0c04f,42090a79268b92ced0c591a8e63d57c2,delivered,2017/5/21 13:13,2017/5/21 13:25,2017/5/25 12:05,2017/6/2 14:57,2017/6/26 0:00
00418a49a685c6bb60633291c3fab17a,7d9edced80af5c9503cbf88a9e5f2a3e,delivered,2017/10/3 20:43,2017/10/3 20:50,2017/10/4 19:51,2017/10/5 19:53,2017/10/19 0:00
004345d16a1ab2c21962992c721c8643,3b723b649feb48f3cfbb9c728efb3d7d,delivered,2018/7/4 6:45,2018/7/5 16:09,2018/7/5 14:08,2018/7/11 17:26,2018/7/30 0:00
0044c6f6d22dd280534344177c81b989,24436139c80a4ae51c0e3a98469ed7d4,delivered,2018/5/18 16:59,2018/5/18 17:15,2018/5/21 14:46,2018/6/4 20:12,2018/6/12 0:00
0045e3085f083f0f38d24bb3f22e6593,eb729faa993caad20442243265804a7c,delivered,2017/8/10 16:13,2017/8/11 7:15,2017/8/16 18:27,2017/8/29 20:03,2017/8/30 0:00
0045f5225a96ef46630701167528fdcb,e3b91047e6ca3f5e8b656750fa3d61b2,delivered,2018/6/10 11:23,2018/6/12 4:17,2018/6/13 14:32,2018/6/18 17:36,2018/7/4 0:00
0046176ff0dbc2a178b7885355dfbb71,6cae94f1f58ab679c23ceb753967c9bf,delivered,2018/5/29 19:22,2018/5/29 19:35,2018/5/30 11:29,2018/6/4 18:18,2018/6/29 0:00
0046e1d57f4c07c8c92ab26be8c3dfc0,ae55e228ded796581eccc67045516023,delivered,2017/9/26 15:24,2017/9/26 15:49,2017/9/28 18:42,2017/9/29 18:29,2017/10/11 0:00
00471463a6106056c1a2a809f70de640,fcad74a7e0dff27c33e36cbd78280bf9,delivered,2017/9/21 22:00,2017/9/21 22:46,2017/10/4 14:45,2017/10/12 12:29,2017/10/20 0:00
00482f2670787292280e0a8153d82467,baa4ed05f22ffb6c4a41b71b699a492c,delivered,2017/2/13 16:18,2017/2/14 3:42,2017/2/14 8:32,2017/2/15 11:35,2017/3/10 0:00
0049edf42837aa808e03552a62bd2158,0f3a6d2c22bbdb61d02eb98f4a1e0dfb,delivered,2017/12/30 12:33,2017/12/30 12:48,2018/1/4 22:38,2018/1/30 22:18,2018/2/1 0:00
004b62108b876867938746ad3154167f,7ddb7e4242fcc518842aade22f5bee4d,delivered,2018/7/4 20:34,2018/7/5 16:40,2018/7/11 14:12,2018/7/13 2:46,2018/7/19 0:00
004ba47bb589cdbc485e6025bd6d3c81,ab30bf72cae845f3814c7baa50ca549a,delivered,2017/12/25 20:40,2017/12/25 20:48,2017/12/26 20:39,2017/12/29 20:24,2018/1/19 0:00
004ca5ae248069d68e8594df8abf6ce0,576908744ae56c9cf061c40a434e2a24,delivered,2018/6/6 18:30,2018/6/6 18:52,2018/6/7 14:17,2018/6/15 22:12,2018/7/26 0:00
004d76fef3dd46eb4f70da049c8d1f93,e600c255f682a86dfd0c57d3b1d7417b,delivered,2017/12/20 6:42,2017/12/20 11:10,2017/12/21 21:26,2017/12/26 20:52,2018/1/15 0:00
004eab0fd8f28adaf8d488976f77febe,c476ddfbabfa4624603e0b7f8e245057,delivered,2017/8/2 15:32,2017/8/2 15:45,2017/8/2 20:32,2017/8/3 18:17,2017/8/15 0:00
004f5d8f238e8908e6864b874eda3391,a69c820c317aa348d781a9d6732afc23,delivered,2018/2/27 12:16,2018/2/28 9:29,2018/2/28 20:48,2018/3/23 0:52,2018/3/21 0:00
004fb11815bc03b01b20a614eef69d14,9e2690a7ad4a0fd8bbf0a5b355d5e6ea,delivered,2017/11/25 13:56,2017/11/25 14:16,2017/11/27 18:22,2017/12/16 14:31,2017/12/26 0:00
004fb5e6f90a178dc74ad2b016649249,176a76443d14508cc976f1d84a44921d,delivered,2017/6/11 9:46,2017/6/11 10:02,2017/6/12 15:45,2017/6/16 16:27,2017/7/3 0:00
005059edee63c8c708ba61910793b31b,d3b3960bebb0ff8c6edb75c8edd39212,delivered,2018/2/5 18:25,2018/2/6 18:30,2018/2/7 17:31,2018/2/19 21:39,2018/3/6 0:00
00526a9d4ebde463baee25f386963ddc,5848ef3f994e18c5121d291e0daedc81,delivered,2018/8/7 22:03,2018/8/7 22:15,2018/8/8 14:11,2018/8/16 19:58,2018/8/15 0:00
0055b77cca3186676c147f532dd2547b,3747cfcc18da3cff44fd440770d92d97,delivered,2018/2/19 21:47,2018/2/19 22:47,2018/2/20 19:35,2018/3/7 19:38,2018/3/14 0:00
0057199db02d1a5ef41bacbf41f8f63b,c664dc5de5b5f4184bc4ca0285b9f8fe,delivered,2018/1/18 17:05,2018/1/20 9:07,2018/1/23 14:33,2018/2/6 20:07,2018/2/20 0:00
00571ded73b3c061925584feab0db425,3c628393675b42c6b5ef89461f68ecef,delivered,2017/5/18 20:59,2017/5/18 21:10,2017/5/22 15:50,2017/5/30 9:12,2017/6/12 0:00
00584d79015452d19fd3d044ba3abdc0,85d84596608ea7f87175ca9521ee12aa,delivered,2017/7/23 19:11,2017/7/23 19:27,2017/7/24 19:44,2017/7/26 18:58,2017/8/11 0:00
00588f5f20fee630b83d4709e0a42715,b129d989bd1940915efbdc2d239386d3,delivered,2017/8/18 16:02,2017/8/19 16:04,2017/8/21 21:12,2017/8/30 20:43,2017/9/29 0:00
005997dca4c1fc45066d0a03d54a6469,c5b44be122ce413a4517716ad9dd072e,delivered,2018/4/10 18:01,2018/4/10 18:15,2018/4/11 22:32,2018/4/13 23:04,2018/4/26 0:00
005a1dded353107dbabf8ffc83a20365,d7165639dc4a682258711343560a17d3,delivered,2018/2/9 18:00,2018/2/9 18:10,2018/2/14 23:40,2018/3/2 22:41,2018/3/7 0:00
005b49de51a4e006055e8487a50ad8e4,366c88e3ee5ed365c8529a9639c8b91c,delivered,2017/4/9 13:35,2017/4/9 13:50,2017/4/10 11:18,2017/4/27 16:47,2017/5/4 0:00
005cad6157eadc7f1f09917607f1704a,3c3472f5efc17888458e428b0b9eeef3,delivered,2017/4/15 16:35,2017/4/16 16:45,2017/4/17 9:05,2017/5/3 14:56,2017/5/10 0:00
005d9a5423d47281ac463a968b3936fb,a2be07c22a9d2071f65b6770e47f540b,delivered,2017/10/18 12:14,2017/10/18 12:28,2017/10/24 14:56,2017/10/27 19:19,2017/11/17 0:00
005e5166e99d1e4d0c4f808b0540ba94,0f2a7baf176f693c27c891360da9ef2c,delivered,2018/2/21 11:37,2018/2/23 2:09,2018/3/8 1:10,2018/3/27 21:14,2018/3/15 0:00
005f25968fc854ea16fb16f5bdbc87c7,837cf66598995d5f51efd00d99ced139,delivered,2018/3/4 14:40,2018/3/4 15:20,2018/3/8 17:27,2018/3/20 18:13,2018/3/23 0:00
00602f25bffa1dcfb71e202fbf9824fb,d91dc5b08f5bb5e181a878580f4ec576,delivered,2017/11/1 17:45,2017/11/2 2:35,2017/11/3 21:12,2017/11/27 21:07,2017/12/11 0:00
00611822267e76e0055c25c18506f06e,8832232b097dba67d540a76f6ba88795,delivered,2018/7/26 13:35,2018/7/26 13:50,2018/7/26 14:24,2018/7/31 22:52,2018/8/20 0:00
006127b8b9a1681a982313ed7129c3c0,1aac2b5adf8aec2c00fe67d06aa8ebc2,delivered,2018/3/8 16:01,2018/3/9 2:31,2018/3/13 3:42,2018/3/20 22:27,2018/3/26 0:00
0064d74f7de7917d54768d7722ad56ac,29dbee0c474f373b72267a9e886522ee,delivered,2017/9/10 21:45,2017/9/10 21:55,2017/9/12 17:15,2017/9/14 17:26,2017/9/28 0:00
006557c3221c1fcd02b0106343ab357b,ca9e43d2589e04a0608d8989d5c5452d,delivered,2018/2/23 14:36,2018/2/23 14:51,2018/2/26 22:51,2018/3/2 17:28,2018/3/23 0:00
00664284de7a3470d22931ed78615ee4,cc0f43bd4e0f3ed1a2165365d26029ae,delivered,2017/9/24 13:12,2017/9/24 13:30,2017/9/25 14:53,2017/10/3 22:12,2017/10/17 0:00
0066a1fdaee16ad5022c5ef979d0b661,f19b59fc51f101023eb15bfbcca65f31,delivered,2018/6/10 19:52,2018/6/10 20:17,2018/6/11 14:44,2018/6/16 15:38,2018/7/16 0:00
0067c6030d65af0ff98790158ddb0020,a780c20430b67279f7a0b43cf94b1738,delivered,2018/4/27 21:36,2018/4/27 21:52,2018/5/2 14:41,2018/5/7 19:42,2018/5/16 0:00
0068468c453d28c8ef3fd089e50a5847,6460086b02eadee2bb54c83af13698b0,delivered,2017/11/24 22:25,2017/11/25 1:31,2017/11/27 23:42,2017/12/14 11:47,2017/12/20 0:00
00685d31ae12e47470ba5c18ba74f22c,eac2fb60d3f12675772fa03f9d8f8ddb,delivered,2017/8/27 21:41,2017/8/27 21:55,2017/8/29 19:46,2017/10/4 10:08,2017/9/26 0:00
0068c109948b9a1dfb8530d1978acef3,34417388de13fbcd12cfcbd9d1b8dfbd,delivered,2018/1/22 19:46,2018/1/24 2:53,2018/1/26 16:49,2018/2/8 18:39,2018/2/20 0:00
0068e836900867da359bd81db9227a33,26355ea90aab63ebf5e90caa825a943d,delivered,2017/9/29 11:24,2017/9/30 2:24,2017/9/30 15:07,2017/10/5 20:51,2017/10/24 0:00
0068fb0e223115e911d362627e8b8800,f0bc088c671f31458f73cc1a6a347842,delivered,2018/7/18 10:46,2018/7/19 2:50,2018/7/19 12:50,2018/7/25 21:04,2018/8/15 0:00
006c42f310102c1910b3c5793ce5fc34,d63e92aea6fb367972e3cc4f232a1976,delivered,2018/8/6 16:12,2018/8/6 16:24,2018/8/8 12:16,2018/8/15 19:52,2018/8/20 0:00
006cb7cafc99b29548d4f412c7f9f493,97dc92f1aae3a7db8b252d1b8466910e,delivered,2018/2/17 14:22,2018/2/17 14:35,2018/2/20 19:08,2018/2/25 13:46,2018/3/13 0:00
006cba07f62f921fe4f58365bde2b2eb,c4e00400b6f79caa802740faa2829161,delivered,2017/8/14 20:28,2017/8/14 21:05,2017/8/15 23:54,2017/8/18 19:57,2017/9/11 0:00
006dd93155bc2abd844cc5eed3a0fe7f,1b9506de3da8fd318853195b13fb2dda,delivered,2017/12/2 1:20,2017/12/2 1:29,2017/12/6 0:22,2017/12/7 20:43,2018/1/3 0:00
006df90050498994d670b40da4651d22,5c94f28f54aa13e14aaf67039511f318,delivered,2018/8/13 13:59,2018/8/13 14:15,2018/8/14 14:43,2018/8/15 22:18,2018/8/17 0:00
006e05e81c068ddc38e48ebe189b922e,ebcf50ec311622a9b17a720a655a489b,delivered,2017/12/27 21:50,2017/12/27 22:07,2017/12/28 19:29,2018/1/3 11:14,2018/1/24 0:00
006e43460a55bc60c0a437521e426529,23bfd4316e261786deed5a08231c75bc,delivered,2017/5/11 0:24,2017/5/11 1:30,2017/5/12 12:26,2017/5/19 9:51,2017/6/2 0:00
006e91ddb0674525f84ce0da0655c7ba,aab60551b0c17b5dd31690b0d1bf3911,delivered,2018/4/10 19:17,2018/4/10 19:31,2018/4/11 20:04,2018/4/16 17:40,2018/4/26 0:00
006f7dfffe2d90809598e8f1972b829b,6031cd91d182925af3d38ae9590e5afa,delivered,2018/3/22 22:52,2018/3/22 23:07,2018/3/31 14:18,2018/4/5 19:18,2018/4/11 0:00
0070092bb6004faafa287e5fc35971e9,399d1e628c48b7c3b6389098be566cfd,delivered,2017/7/25 11:42,2017/7/25 11:55,2017/7/26 10:47,2017/7/27 21:34,2017/8/14 0:00
0071ee2429bc1efdc43aa3e073a5290e,081a2d41949e652a50988fd39febb4a8,delivered,2018/1/22 11:08,2018/1/22 14:17,2018/1/26 15:12,2018/1/31 23:58,2018/2/15 0:00
0072847849eafe70995fa51a714c81ac,727dc68f327d34b77009f5d3da5250d9,delivered,2018/5/14 13:44,2018/5/15 4:52,2018/5/17 10:45,2018/5/22 22:23,2018/5/29 0:00
00750f68bb64537034e93554c64b41b5,49b0b78f8fd6fc95605c46e685c4b611,delivered,2017/11/12 9:50,2017/11/12 10:10,2017/11/13 19:42,2017/11/14 22:34,2017/11/27 0:00
00756576f4e494406945ac21cb82cfe0,f51670c66e7e928844fc66261ed1b91b,delivered,2018/1/30 18:08,2018/1/31 13:31,2018/2/2 16:28,2018/2/9 16:23,2018/2/23 0:00
00772b2af35643653f108fdac1155ee3,3fa57a1801314f5064ffebcc14d2063b,delivered,2017/4/24 10:53,2017/4/24 11:05,2017/4/24 11:15,2017/5/6 11:48,2017/5/12 0:00
00789ce015e7e5791c7914f32bb4fad4,342c4258969c528c3469db9acaf6b0ad,delivered,2017/6/28 23:31,2017/6/28 23:43,2017/6/29 11:47,2017/7/17 18:35,2017/7/20 0:00
0078a358a14592b887eb140ef515f5ab,e1f35a414cbae52d09c294b3e58c3e89,delivered,2017/11/6 15:42,2017/11/6 22:36,2017/11/8 12:24,2017/11/21 19:04,2017/11/29 0:00
0079bca8e89bd52fdb87408e4f3fb94d,137f50d5bfbcfb9578c50605cc9adb16,delivered,2018/5/3 18:55,2018/5/5 3:33,2018/5/7 11:10,2018/5/8 20:58,2018/5/18 0:00
007bbb40c95870c0f75a7855f2636c65,72a46280034e63cc3703b1f969f65733,delivered,2018/4/24 10:37,2018/4/24 18:33,2018/4/25 15:40,2018/4/26 18:38,2018/5/7 0:00
007beb35f98c075747e6fc4fd1c0cb73,e5c49220ea97eddff8b1fbb594913a43,delivered,2017/9/23 8:32,2017/9/23 8:50,2017/9/26 16:43,2017/10/4 15:32,2017/10/20 0:00
007c7cb12ef3567531307ca78d395758,b4c4af6dbbbbafcfd8d6863fa0fc6e61,delivered,2018/2/20 11:31,2018/2/20 11:47,2018/2/21 14:49,2018/3/12 20:52,2018/3/16 0:00
007ec946d4f798caf2b43c9d44c56421,3ace63287bc8b41172016c06a5093808,delivered,2017/11/24 13:05,2017/11/25 4:15,2017/11/28 19:27,2017/12/6 22:38,2017/12/26 0:00
007ff0b0f79be782f633fc3b18cbe337,fc021f2dd664b49455528422c77b6aab,delivered,2018/2/3 17:46,2018/2/3 20:10,2018/2/6 18:28,2018/2/14 20:27,2018/3/2 0:00
0080eebb288dba1857ccf048dfe6bdfe,6dc7d8b1ac961fe9d43edb6ecadd5f10,delivered,2017/8/11 17:43,2017/8/12 17:45,2017/8/15 15:52,2017/8/18 20:35,2017/9/6 0:00
0081ab2c99dc85945c28926b77dc6960,410b01953ef40c9962bb6dc6578c7ff1,delivered,2018/2/14 22:19,2018/2/16 14:29,2018/2/17 0:39,2018/2/19 18:49,2018/3/1 0:00
0081ce648af7d6a7bac2a93b6035d1e3,21fac8ff24f5231ff8f105323fea28a7,delivered,2017/11/8 13:38,2017/11/9 5:31,2017/11/10 18:28,2017/11/22 19:33,2017/12/1 0:00
0084209c576daad6ff4534902fcb4892,7bfe2d37d3643c4bd9fe6fd5c4228d0e,delivered,2017/7/5 13:14,2017/7/5 17:41,2017/7/6 15:29,2017/7/18 12:34,2017/7/27 0:00
0084e195fbd72ae51599af47f04afede,bd8d067426b640b65c68dd3ee6c71d46,delivered,2018/3/14 23:57,2018/3/15 0:10,2018/3/15 19:52,2018/5/4 22:22,2018/4/10 0:00
00858d03144cc35cfd1dd043647e7c88,54f0f481cc9257023435b76aa5e647db,delivered,2018/3/14 22:53,2018/3/14 23:09,2018/3/15 20:34,2018/3/22 23:45,2018/4/25 0:00
008720830a8a30e39e6f22f81818a141,f1af79ed0c452b79fec6a0217f60a6da,delivered,2017/8/13 16:44,2017/8/13 16:55,2017/8/14 16:12,2017/8/18 10:24,2017/8/25 0:00
0087889a1c836be17f58afd7f1729a4a,c6f1de87b7344ea1d33400c3c15b1a47,delivered,2017/10/23 11:03,2017/10/23 11:35,2017/10/23 22:49,2017/10/24 20:22,2017/11/3 0:00
008819c6d5f6da6fa5cd9d50ca927cf4,f453853c7750dfea2b35f2a89382003e,delivered,2018/8/4 21:40,2018/8/4 21:50,2018/8/6 13:34,2018/8/7 20:12,2018/8/9 0:00
00891ba5de66f55000ee358ceea9b345,03ed7b1b35f2e55b0f4d0b9e4e07b0c3,delivered,2017/5/14 17:19,2017/5/14 17:35,2017/5/15 9:03,2017/5/23 15:05,2017/6/7 0:00
008990da719764fb392914d8ab53ad04,cc4e2f483459498c9ce82a70ff415752,delivered,2018/5/11 19:20,2018/5/11 19:37,2018/5/24 13:47,2018/6/5 14:18,2018/6/19 0:00
008a1b3db2a8bf63418c2cf7c7f494b1,cc2db083341ec9bb757b9f9a70b289d9,delivered,2018/4/2 9:33,2018/4/2 9:48,2018/4/4 17:34,2018/5/3 16:11,2018/4/23 0:00
008a40c2b8b21893e04945ce58854b55,a11dde3e6e22e6541818f5e81563bfc7,delivered,2018/4/29 20:26,2018/4/29 20:54,2018/5/3 12:01,2018/5/8 17:14,2018/5/28 0:00
008c3a655c66f4d92370d0d422732f69,f9f9943ef9d29a86f10de3b43cd84356,delivered,2018/3/4 23:15,2018/3/6 4:08,2018/3/7 0:32,2018/3/9 20:27,2018/3/15 0:00
008ce8764db2e397e153000e017475b6,763a720a236f5b8efe8220ef8b87bc81,delivered,2018/5/18 20:42,2018/5/18 20:57,2018/5/21 17:38,2018/5/23 20:53,2018/5/28 0:00
008cfe221ab054c89bc31720098cca51,9890d391eac598a0bba5c6b6be617388,delivered,2018/8/8 7:52,2018/8/8 8:05,2018/8/9 16:22,2018/8/14 20:05,2018/8/20 0:00
008d9bf350ff02ed444b3452cf3f57e0,84f30d2805ae1bddbe5deefc84c80cd0,delivered,2018/6/4 8:57,2018/6/4 9:11,2018/6/4 12:19,2018/6/13 19:24,2018/7/11 0:00
008dc31c0ae7121f2791953ae5f532c3,0855edaada8d5aeef50b56f26e604932,delivered,2018/1/6 11:22,2018/1/6 11:33,2018/1/8 19:54,2018/1/29 21:22,2018/2/5 0:00
008dd5e80ebf8f849aa0c5bf4e22ce7a,3c138c472fb6f243ea59fa2589b20440,delivered,2018/3/20 20:31,2018/3/22 2:56,2018/3/22 23:48,2018/3/23 18:04,2018/4/2 0:00
008eaf9004164883520d0bd32b107261,b2a65630374da38ec0653226f3ea4dbb,delivered,2017/7/10 20:42,2017/7/12 2:10,2017/7/14 13:47,2017/7/21 20:34,2017/8/8 0:00
008f831b7185cff7ab35a46c37d64cd2,e19a18812eb4e4fadf5db16932c2595b,delivered,2018/6/30 11:39,2018/6/30 11:50,2018/7/3 7:25,2018/7/7 12:21,2018/7/25 0:00
008fab5602c441d51f30b1464f5d4643,337e39b83fac394e62eb7876f45ee981,delivered,2017/2/22 10:37,2017/2/22 10:50,2017/2/22 14:03,2017/3/3 12:43,2017/3/23 0:00
0091a677651feaf5a08d7bb147681e14,93d82c58a8f2b0d2db80f16867b99edd,delivered,2018/8/24 13:27,2018/8/24 13:44,2018/8/27 18:33,2018/8/28 16:32,2018/8/31 0:00
00921e4911895b93c7b4fc0d80c0815e,0825646a316d8b2bdddea079a5e01fda,delivered,2018/6/13 13:55,2018/6/13 14:17,2018/6/19 14:02,2018/6/20 15:21,2018/6/25 0:00
0093cbf16a6afb7f0ab7cc821b6f9e92,dce4e5a6bad0519b5c92cd5c4bc880d5,delivered,2017/11/11 13:05,2017/11/11 13:26,2017/11/16 20:27,2017/11/25 14:46,2017/12/8 0:00
00946f674d880be1f188abc10ad7cf46,9583b047c90d4aa1c5c68b4065ba7f4e,delivered,2017/12/9 19:11,2017/12/9 19:30,2017/12/11 18:47,2017/12/17 10:19,2018/1/5 0:00
00949655cdd8d0465e433a5e6c9643e5,141bdfe99910207edd84c00700397580,delivered,2018/6/25 21:14,2018/6/27 8:30,2018/6/27 11:01,2018/6/28 18:22,2018/7/5 0:00
0094bd07f49fed90209ffa62d1ef26d6,de0c1a4d8c367c58d66e61dfa379f4cf,delivered,2018/5/1 2:04,2018/5/3 4:12,2018/5/10 19:19,2018/5/16 21:12,2018/5/14 0:00
0094d4660e323945f84f5c29eb348aae,b2381a85f8237639da2719cd5981b007,delivered,2018/1/24 22:05,2018/1/24 22:14,2018/1/25 18:22,2018/2/5 16:04,2018/2/23 0:00
0094dc9ea7e3cd54d95aea42685673ff,5c98ab90d6e953f282ff28ebc43a090e,delivered,2017/3/7 21:48,2017/3/7 21:55,2017/3/9 10:02,2017/3/14 15:34,2017/3/30 0:00
0095790a64527ec83aeaaf99023c050e,6081c7acb40f63731b3c982857c79581,delivered,2017/11/15 13:36,2017/11/15 13:50,2017/11/16 19:44,2017/12/7 21:46,2017/12/11 0:00
0096668e5b0b8e9657a6f7209a4e58b4,b6fbaad4eb3a0794111683dca8122610,delivered,2018/7/11 13:33,2018/7/11 13:46,2018/7/12 10:23,2018/9/17 14:42,2018/7/19 0:00
009742b43f4530bc3db7f62332c50f4b,84dac31647902f79570207a7f29c2675,delivered,2017/10/24 15:15,2017/10/26 3:09,2017/11/28 1:46,2017/12/6 18:41,2017/11/10 0:00
00975e709cd12c34d3bd44e4a7f7a876,3c52d94017a3d96915999f30cf42a9ce,delivered,2017/8/21 12:54,2017/8/21 13:05,2017/8/21 19:07,2017/8/23 23:04,2017/9/6 0:00
0097aafe2a01dd54e39888976160c377,6e6943d8c4822ead782b17d532e6ee63,delivered,2018/8/23 14:41,2018/8/25 2:35,2018/8/27 14:49,2018/8/28 15:58,2018/8/29 0:00
0097f0545a302aafa32782f1734ff71c,a60b063f8b715db294b889eae5acb4b6,delivered,2018/3/5 18:15,2018/3/5 18:30,2018/3/6 22:04,2018/3/21 18:16,2018/3/21 0:00
009838529bb913846ab6670d22865381,062cc8c5ff387d407645b93970baee73,delivered,2018/6/14 9:08,2018/6/14 9:37,2018/6/18 13:56,2018/6/26 16:36,2018/7/17 0:00
0098dbda25722a3f019fe252a0cd10b3,6ecb390e8056057a25a1b49c37206958,delivered,2017/9/19 18:05,2017/9/21 2:45,2017/9/22 14:18,2017/10/2 18:06,2017/10/11 0:00
009905140e9f8cc35d5be897937381db,c5452f24faa0b6d0febc5ec4ea9e3b13,delivered,2018/3/15 12:33,2018/3/15 12:49,2018/3/16 17:12,2018/3/28 20:44,2018/4/11 0:00
00995d799817ecc3bd2abd8fbe59c430,266636baec3cfa8d854713f0b465a2cb,delivered,2018/7/26 11:25,2018/7/26 11:45,2018/8/1 14:05,2018/8/2 18:56,2018/8/8 0:00
00998f38df3012359ef195ca75ebb329,592fe733eef8c8ab12d27a84a98c94a6,delivered,2018/5/11 11:52,2018/5/11 12:17,2018/5/14 12:42,2018/5/18 14:52,2018/6/8 0:00
009ac365164f8e06f59d18a08045f6c4,7887f43daaa91055f85b6dd23cccdfcb,delivered,2017/11/23 0:03,2017/11/23 0:11,2017/11/23 15:16,2017/11/29 16:33,2017/12/13 0:00
009c278fa2ed6e7ec498200b60193ca8,f016a9301ce9a894a43e607fc0355014,delivered,2018/1/11 12:58,2018/1/11 13:10,2018/1/13 2:15,2018/1/31 21:12,2018/2/9 0:00
009e11afa25aa95ae78e60a793995c9b,1b7c152aba1c7478309329cfec0bb5d1,delivered,2017/10/19 23:56,2017/10/20 0:15,2017/10/20 16:39,2017/10/31 23:22,2017/12/8 0:00
009fa9bd0d92710e840793bfefa80867,ed19fa6ce948d52be769926c2baaa17c,delivered,2017/6/14 9:44,2017/6/17 3:50,2017/6/19 21:14,2017/7/8 17:26,2017/7/11 0:00
00a0116ff15ff973ea16bee881208ae7,89a187407adfc8a32a4d6233a6a237d8,delivered,2018/2/18 16:22,2018/2/18 17:27,2018/2/19 18:22,2018/3/3 0:38,2018/3/15 0:00
00a12754417a49a9dec20361849aa917,4cb9c04be8cfbc5c1e0519344c72a5ed,delivered,2018/5/8 21:58,2018/5/8 22:15,2018/5/9 12:34,2018/5/10 18:26,2018/5/16 0:00
00a13ab02fbe82f78cd84f14e41564ed,9ac1fd75f48d0f50af8400cd461495cb,delivered,2017/12/9 19:22,2017/12/9 19:32,2017/12/11 21:24,2017/12/14 23:33,2017/12/28 0:00
00a174dbf11967d260033fa6ab711493,ae06f7ef9cae527f248b5401c5663265,delivered,2017/11/27 10:29,2017/11/27 10:56,2017/11/29 20:03,2017/12/19 19:33,2017/12/20 0:00
00a1e977cf6e672402963940db55d919,e0dc8ea464de23db3b4aa5fa6ae07cc3,delivered,2018/7/25 16:25,2018/7/25 16:35,2018/7/26 11:53,2018/7/27 16:12,2018/8/2 0:00
00a250dbdb3153cc6ecf4d3f07ef6a17,ccff27cfcda46bdff5e51b6e6711a85c,delivered,2017/12/10 18:07,2017/12/10 18:15,2017/12/12 21:07,2017/12/14 17:47,2017/12/29 0:00
00a379dfab816a83741012b71b264098,5e3b89299a7d6e3e10f9bc6e77923f88,delivered,2018/8/3 19:50,2018/8/3 20:04,2018/8/9 13:32,2018/8/10 18:18,2018/8/8 0:00
00a3a334aec7455a6d3319981499a3da,73bcbe6adbf53dee67bec4399c32b98b,delivered,2017/10/25 11:00,2017/10/26 21:30,2017/10/30 20:55,2017/11/4 15:53,2017/11/13 0:00
00a3f1ef430d3984dece2f39d6cbf431,6220c6ab35c110dc7945b0bba49dc486,delivered,2018/5/18 13:28,2018/5/18 13:55,2018/5/21 11:44,2018/6/6 15:42,2018/6/6 0:00
00a4d94df1c9757661679b2f4bd6d311,6fe655df4b9e1e4a3fc234cec27c55aa,delivered,2018/4/26 12:41,2018/4/27 3:30,2018/5/2 10:20,2018/5/7 20:28,2018/5/22 0:00
00a500bc03bc4ec968e574c2553bed4b,3d2f26eab3f79dd1fe9977f615e70c2f,unavailable,2017/11/23 10:53,2017/11/25 10:54,0000-00-00 00:00:00,0000-00-00 00:00:00,2018/1/8 0:00
00a57dfbb049fbaae10763e2cf15f797,33653a722db1d2f6bfe739b3a07f11d6,delivered,2018/7/20 11:09,2018/7/21 3:25,2018/7/23 13:19,2018/7/30 19:25,2018/8/13 0:00
00a690becda145533fa5a54daa7b6ad5,2826dbfaa1d90ea2b97c93c35fc4cd92,delivered,2018/4/8 21:55,2018/4/8 22:09,2018/4/9 22:28,2018/4/24 12:57,2018/5/8 0:00
00a77f9cc25b05b2004752593d7b8888,acb6cc6ec99086b8b53c858a0731c189,delivered,2017/6/22 19:53,2017/6/22 20:05,2017/6/23 12:33,2017/7/7 21:45,2017/7/14 0:00
00a843f5a80c7aea894c558acc29f513,fd967f807427c24072652b1f62d4fe47,delivered,2017/9/1 13:09,2017/9/2 18:55,2017/9/4 19:04,2017/9/11 18:17,2017/9/27 0:00
00a870c6c06346e85335524935c600c0,8a4ecf2e2fa5faaaf02827b368c0c17b,delivered,2018/5/9 0:10,2018/5/10 0:14,2018/5/10 12:07,2018/5/17 1:04,2018/5/24 0:00
00a9536682ecb394a3794c1608200803,3d64d81cb7d22325994c3ef4ad93d2e0,delivered,2017/5/12 23:38,2017/5/12 23:50,2017/5/15 15:30,2017/5/22 16:47,2017/5/31 0:00
00a99c50fdff7e36262caba33821875a,7a399396442d5601cbedfbd0a3cf1da4,shipped,2018/8/17 16:25,2018/8/17 16:35,2018/8/18 9:07,0000-00-00 00:00:00,2018/9/18 0:00
00aa423621f35a9ca6c6240f275b0640,121e7c7ff597fcb5ad44189ffccafa70,delivered,2017/11/23 14:51,2017/11/23 15:10,2017/11/24 22:03,2017/12/4 19:24,2017/12/13 0:00
00ab1aba567dfebdc39caa4e7ca2f1b2,f2a48c51664d5ca2d7401f95994bb8a9,delivered,2017/9/1 14:01,2017/9/1 14:15,2017/9/5 21:11,2017/9/12 14:07,2017/10/3 0:00
00ab210695a17fe10e6b23616ae5bc97,c87e0e6aa4b3321adb017785ff605af2,delivered,2018/6/12 6:19,2018/6/12 6:35,2018/6/18 11:01,2018/6/19 22:12,2018/6/26 0:00
00ab3a43bda739029ffce95d3b2fb56c,c9f69364407bc8db796b2c6f1c353f61,delivered,2018/8/10 12:09,2018/8/11 2:51,2018/8/13 13:09,2018/8/14 18:28,2018/8/15 0:00
00ab9fa91aafa3d881164b0da48999aa,8630914c34f45ca88a7589cddb8e0ae2,delivered,2018/5/25 9:47,2018/5/26 9:50,2018/5/28 12:27,2018/6/7 0:18,2018/6/26 0:00
00ac05fe0fc047c54418098eb64e3aaa,8935036852a292fe1f61a03c7d51831d,delivered,2018/2/18 14:19,2018/2/18 14:30,2018/2/21 10:12,2018/3/2 15:03,2018/3/16 0:00
00ac2a1ec784f71feeb7ba1e5959750d,47f6898621126fa91eda967684efadbb,delivered,2018/4/6 11:26,2018/4/6 11:49,2018/4/10 0:26,2018/4/17 17:17,2018/5/7 0:00
00ace652c8a5072670f30674e5f19844,8ef0a1cf31ce44185f0ee98fd976ef70,delivered,2018/1/19 0:35,2018/1/20 9:07,2018/1/31 16:44,2018/2/19 17:12,2018/3/6 0:00
00ad1a02d4d9decad15c7e8f8a9470cc,db4ce50bf63f8c1a9518462b0499aabd,delivered,2018/8/4 12:40,2018/8/4 12:50,2018/8/6 11:08,2018/8/17 22:21,2018/9/4 0:00
00ae7a8b4936674ebb701d4a23719a79,a7e8a3cb55d9c9a536992c6465a46a3f,canceled,2018/5/9 14:14,2018/5/9 15:51,0000-00-00 00:00:00,0000-00-00 00:00:00,2018/5/17 0:00
00af3d9ddff7f256e83d79247dbe1a9f,279084854f91753f3c2feba81d4573a5,delivered,2018/2/21 12:11,2018/2/21 12:30,2018/2/22 18:52,2018/3/7 23:47,2018/3/26 0:00
00af53fdc2002f5b6a8f16db648e003b,b1517b4078772e718a46e03f9ea9321f,delivered,2017/6/20 15:00,2017/6/20 15:15,2017/6/23 12:15,2017/7/3 14:59,2017/7/10 0:00
00b12f4674177ef40c4bdb034138c843,5d6daccfa147ddbc4d54826f8645ca5c,delivered,2018/7/15 19:47,2018/7/15 20:04,2018/7/16 14:23,2018/7/20 22:03,2018/8/2 0:00
00b1861aeb89afa498404c684148a619,b8e531fc27d1abbe69022fc27589b3a1,delivered,2018/8/8 8:18,2018/8/8 8:30,2018/8/8 15:54,2018/8/15 15:12,2018/8/24 0:00
00b1cb0320190ca0daa2c88b35206009,3532ba38a3fd242259a514ac2b6ae6b6,canceled,2018/8/28 15:26,0000-00-00 00:00:00,0000-00-00 00:00:00,0000-00-00 00:00:00,2018/9/12 0:00
00b2d2f2b5f7b98e6b1828764660134e,afc13494642f88d253be56a1e353e261,delivered,2018/8/9 8:27,2018/8/9 8:50,2018/8/10 17:15,2018/8/15 20:20,2018/8/30 0:00
00b30bb163474583c14db1689259cf4d,b626b511cecb256e0d1514d883084a38,delivered,2018/1/31 13:57,2018/1/31 14:13,2018/2/6 17:47,2018/2/17 18:36,2018/3/5 0:00
00b402e8a76d3da83714c52d3977cc2d,ffca23943c4b620ea24812018373fa3f,delivered,2018/1/1 18:03,2018/1/1 18:11,2018/1/3 19:52,2018/1/19 12:08,2018/1/31 0:00
00b44ba3d7c4a5e9a9ebafef9150781d,0b5f6687d659478f1747caed607c4ec5,delivered,2018/8/28 21:10,2018/8/28 21:25,2018/8/29 13:17,2018/8/30 13:38,2018/9/26 0:00
00b47ee856118583dbec7d1f9b18d847,7f6a163f7d28e407e5eaa735bf7014c5,delivered,2018/3/26 19:58,2018/3/26 20:10,2018/3/27 22:45,2018/4/9 18:52,2018/4/13 0:00
00b4846d477a7baf5d4e47970bc08c7e,fe2b285a4d3936b9a37ff7460a0d403f,delivered,2018/1/22 16:17,2018/1/23 3:52,2018/1/23 18:51,2018/1/30 21:08,2018/2/16 0:00
00b4a910f64f24dbcac04fe54088a443,d70e5eac00a9d35a3cb193442c0287cd,delivered,2017/1/18 17:55,2017/1/18 18:05,2017/1/19 14:44,2017/1/26 13:21,2017/2/28 0:00
00b4c651133c06fb175123a492f1cac3,965cef866a59a3cd6d1e92ba0ad2c779,delivered,2018/8/17 12:56,2018/8/17 14:27,2018/8/17 13:54,2018/8/23 13:22,2018/8/28 0:00
00b5e1c770b1868ec1b6b726be3aa9b9,8d9cf828f7181bf76915fddfdbb4148b,delivered,2018/1/3 19:13,2018/1/3 19:27,2018/1/4 23:08,2018/1/11 13:22,2018/1/26 0:00
00b676b01c289cc661c6f7732492771a,ca9a6ae226341827c9614ce7568db46c,delivered,2017/8/2 15:30,2017/8/2 15:45,2017/8/8 15:37,2017/8/15 11:22,2017/8/24 0:00
00b6c055922e0ed2d88efdd252b2fb64,f7bdab6e68a28bf26acc7cbd785790fc,delivered,2018/5/1 16:01,2018/5/1 16:15,2018/5/2 18:21,2018/5/7 20:54,2018/5/16 0:00
00b6e66f005a657a6b13eedcacdf9342,3f0ce4e8579d852bd56ab8bbe66f1870,delivered,2018/8/11 10:47,2018/8/11 11:04,2018/8/15 13:54,2018/8/21 14:46,2018/8/31 0:00
00b7174ea52bb811ebe2663add51afc0,2ff1efea5cf92067b167101227abb467,delivered,2018/5/16 9:57,2018/5/16 10:12,2018/5/17 14:40,2018/5/21 16:11,2018/6/8 0:00
00b8d354b36820e9d6131fd5173c5581,a17846ed33d62b0e48c6f07ce9132318,delivered,2018/2/24 13:05,2018/2/27 4:31,2018/3/1 15:27,2018/3/8 21:26,2018/3/21 0:00
00b9e0f8f588d0406a3de447eb606970,282ab86c49646e5a18507b088ee0d74c,delivered,2018/1/22 11:18,2018/1/23 3:37,2018/1/26 17:54,2018/2/16 18:23,2018/2/14 0:00
00ba414462370af2d76195d12e0d5481,0623ac95ea8764ca730185db76ea56a0,delivered,2017/11/30 10:00,2017/11/30 10:22,2017/12/4 21:13,2017/12/16 0:09,2018/1/2 0:00
00ba57ae98928df6ba6ec9d3d8d4b1b7,8545a9b7b5b52bc607f0fe72c7dd323e,delivered,2018/7/16 22:06,2018/7/16 22:20,2018/7/19 9:11,2018/7/26 18:26,2018/8/9 0:00
00bbc4179554524748f77763ddd62266,a338432949ddc9b9e6bee3d2695d655e,delivered,2017/8/8 21:04,2017/8/10 3:15,2017/8/11 13:36,2017/8/14 15:13,2017/8/23 0:00
00bc78808b22918a467b2fa4b8ef5d68,ca0aaedb924d47b85407a1130582b836,delivered,2017/4/23 23:28,2017/4/23 23:42,2017/4/25 12:00,2017/5/2 13:47,2017/5/15 0:00
00bca4adac549020c1273714d04d0208,1541ebabf956d17f3afe883790bd7dd3,unavailable,2017/2/14 14:49,2017/2/14 15:03,0000-00-00 00:00:00,0000-00-00 00:00:00,2017/3/13 0:00
00bcee890eba57a9767c7b5ca12d3a1b,3cecfffcfcdbac8b85cf74dfc8a60166,delivered,2017/7/22 20:51,2017/7/22 21:05,2017/7/25 19:12,2017/7/27 18:34,2017/8/21 0:00
00bd2cb7e9076e1ccc9f766fc01a4cfd,45016dcb53fa07cb0c050dc78b2d6f51,delivered,2018/4/18 10:00,2018/4/18 10:15,2018/4/23 23:41,2018/4/30 21:16,2018/5/23 0:00
00bd50cdd31bd22e9081e6e2d5b3577b,1e47b918581b562a9d8d9f85fcb9b1e5,delivered,2018/1/14 22:31,2018/1/15 9:56,2018/1/15 19:43,2018/1/22 16:03,2018/1/30 0:00
00bd8cf08fa3998ea6ad6d16c2165822,03e0ca8ff692a46af071866422dded4c,delivered,2017/12/1 10:47,2017/12/1 11:31,2017/12/1 22:15,2017/12/5 13:20,2017/12/26 0:00
00bdcdda88e6b02977fc6ce3d412c600,45ba03e2c6bbb5dc48131ba32ec3ae5e,delivered,2018/6/12 9:51,2018/6/12 10:21,2018/6/12 14:10,2018/6/18 18:20,2018/7/24 0:00
00bdebefeb760588a3425fad9dfed3d9,c14cec6645dffb638b0cbbf9daf4a557,delivered,2018/3/8 15:59,2018/3/8 17:00,2018/3/9 22:16,2018/3/14 21:08,2018/3/26 0:00
00beb247698c6aae94e3f859d279e2cd,fb6730884fc4466765ef8619cfe90ced,delivered,2018/5/24 22:21,2018/5/26 2:18,2018/5/28 15:04,2018/5/29 19:11,2018/6/11 0:00
00bf1320ffb5fe47a845feca16c0e0b4,1a4dcc966b712214d7c0d25f13fa2deb,delivered,2017/9/26 12:58,2017/9/27 15:49,2017/10/17 21:52,2017/11/1 14:57,2017/10/24 0:00
00c00d5b36157595e21108ba1da2828f,2b27fae969b7d2bc173e466a742e50c6,delivered,2017/9/11 19:35,2017/9/13 3:25,2017/9/28 13:11,2017/10/4 18:14,2017/9/27 0:00
00c2335723b9b74668062e946dc66621,4930dfe106be258618f6907e8ce8795d,delivered,2017/12/31 1:31,2018/1/3 4:28,2018/1/3 18:05,2018/1/9 20:19,2018/1/29 0:00
00c405bd71187154a7846862f585a9d4,1ab52508d3c58d96241850142347b75f,delivered,2017/10/23 14:59,2017/10/23 15:14,2017/10/25 13:30,2017/10/31 18:47,2017/11/17 0:00
00c42b1633c1b2fa4e937bf312466561,36d63113a38882f3f464f8eaa96c4b1c,delivered,2018/1/13 13:52,2018/1/13 14:09,2018/1/15 19:32,2018/2/8 21:12,2018/2/15 0:00
00c47cfa491ef55779ec7557673087fc,7ccd57bc5c4e0f34fcbc9209b2d4bdfa,delivered,2018/7/23 11:36,2018/7/23 14:30,2018/7/23 16:06,2018/7/25 14:41,2018/8/6 0:00
00c47fefb9a49baec12ab3654d7f548e,411373e81bbd24b0356ca1274e9c03fe,delivered,2017/12/6 0:08,2017/12/6 0:18,2017/12/6 22:28,2018/1/16 21:05,2018/1/31 0:00
00c4f17dcb94448f27a2cbaa83f10a4b,92422ec9b02504c4d12eecce874990bf,delivered,2018/6/8 19:18,2018/6/8 20:33,2018/6/12 2:41,2018/6/12 14:57,2018/6/19 0:00
00c62d05602c1ca8164b98746d127fa8,2c64fc3c9f0672a9f2481654a7bf109b,delivered,2018/6/3 11:10,2018/6/5 4:52,2018/6/5 10:57,2018/6/12 20:15,2018/7/12 0:00
00c763284c0056eed753352f5559ff0a,0bbbcba4fb2d97e129f2f2622d82eabc,delivered,2018/5/31 23:51,2018/6/1 0:10,2018/6/1 14:42,2018/6/13 15:34,2018/7/4 0:00
00c81b6675ef9ecaaff5fc1d6720b96c,9bc4a258f344f7de44ca841d25a497fd,delivered,2017/10/24 17:54,2017/10/24 18:14,2017/10/25 19:33,2017/10/30 15:24,2017/11/14 0:00
00c826c901ab01b6f598a8f0c9b56b82,cd46bd8781c25750e96a37a5e32450cc,delivered,2018/4/20 10:24,2018/4/20 10:35,2018/4/24 15:55,2018/5/2 16:28,2018/5/18 0:00
00c842d0ae6462afc1d38fc055b02c75,3eb456ae69430643eb134b74ccc4f261,delivered,2017/11/8 17:36,2017/11/8 18:30,2017/11/16 18:42,2017/11/21 17:37,2017/11/29 0:00
00c8be06a8029e300dabd52c7d4c6ad2,5508ab552ed2d4da9d21e777849034d0,delivered,2018/2/11 0:36,2018/2/11 1:48,2018/2/14 18:23,2018/2/27 21:08,2018/3/9 0:00
00c8bfbb0a1224dcdb0180a544247159,97cba178632e2fed3edec61ce374fb60,delivered,2018/5/6 21:33,2018/5/7 21:32,2018/5/8 14:24,2018/5/11 12:16,2018/5/24 0:00
00c9474e0334f7a4ffc8c3a8bd21a51e,e84d9c0fb40fccf1b0e326e840f6a8ec,delivered,2018/5/4 19:19,2018/5/5 15:50,2018/5/9 15:10,2018/5/16 22:56,2018/5/17 0:00
00c95282163553a982f38481f9488481,e17b2b66a87062574242f1b20ab8b2a1,delivered,2017/8/9 18:27,2017/8/9 18:44,2017/8/10 18:58,2017/8/17 20:09,2017/9/6 0:00
00c9d0257381c7e9ec13b4505f25b2cf,d14c86b99a98e85b5c256c081e3cea03,delivered,2018/4/18 8:57,2018/4/18 9:11,2018/4/20 22:58,2018/4/27 22:26,2018/5/18 0:00
00c9d9e61ed13f5bf2f0344da1aa4775,ed3cfd8b632008c67e448e6cafd0738c,delivered,2017/2/24 13:13,2017/2/24 13:25,2017/3/1 10:09,2017/3/6 12:45,2017/3/17 0:00
00c9f7d4b0e87781465e562dc109f6aa,cea80f9af87104810bd7fa9698f69d29,delivered,2017/5/21 19:21,2017/5/22 19:25,2017/5/24 13:28,2017/5/31 14:04,2017/6/20 0:00
00cb18db3d9c03f8386e7fc70cad2504,e288b145525a2a1b7f73fa9101f3904f,delivered,2017/7/12 0:06,2017/7/12 0:31,2017/7/12 17:46,2017/7/19 17:39,2017/8/3 0:00
00cb9736c0b43d6c1e2fbb2b88e69f6a,d73144ccd5680a3ed460ed34939c036e,delivered,2018/1/29 10:23,2018/1/29 10:39,2018/1/29 21:32,2018/2/16 19:23,2018/3/5 0:00
00ce92d57f4f9a112bdb8a2a283e5f97,9c1e141643cc2c164c2fa7c7140f5317,delivered,2018/1/30 16:20,2018/1/30 16:52,2018/2/2 9:15,2018/2/7 12:22,2018/2/26 0:00
00ceda91cb2ded8570ca73e70571740a,26c6e0c2d9f2ea36acb63a8af98f7a9a,delivered,2018/2/6 10:46,2018/2/6 11:50,2018/2/6 21:28,2018/2/16 14:34,2018/3/6 0:00
00cee8a4dbb042385cbbd84699e78b2e,450a869eb52446baa38f4beeecbc5843,delivered,2018/7/20 4:13,2018/7/20 4:25,2018/7/24 14:46,2018/7/25 17:21,2018/8/1 0:00
00cf2b04c59f0ecaf822bf3f334d5c3b,ff63f83bb3b2dc9a2df626cefbddda8b,delivered,2018/3/28 9:20,2018/3/28 9:30,2018/3/29 23:54,2018/4/9 19:08,2018/4/16 0:00
00cf47526e0f7920b381b2baf4ecf1c7,1563bfe4b8d21ed87a2dd20cb1fae1a7,delivered,2017/2/9 13:21,2017/2/9 13:35,2017/2/10 13:27,2017/2/16 10:34,2017/3/17 0:00
00cfabbe2a93b70beeec4894f86712a8,bf2cd0dfd7ad8b44be636ba1079d6358,delivered,2017/6/10 7:56,2017/6/13 4:50,2017/6/14 17:06,2017/6/22 15:27,2017/7/5 0:00
00d03eb3425f41a599ae2f788e23c07f,457e255722e958032b50ff72dd15a4e0,delivered,2017/2/17 17:46,2017/2/17 18:03,2017/2/24 14:16,2017/4/9 0:23,2017/3/29 0:00
00d0ff2017f9ea13dd7eec7470ca473a,3341e65ccc3a083fcc8775020854154f,delivered,2018/6/18 11:12,2018/6/20 2:55,2018/6/22 14:13,2018/6/27 14:42,2018/7/18 0:00
00d0ffd14774da775ac832ba8520510f,a2f3de2a0a84803cef018776a2e76c9b,canceled,2017/12/23 22:25,0000-00-00 00:00:00,0000-00-00 00:00:00,0000-00-00 00:00:00,2018/1/19 0:00
00d1289d5125017a90e528b5a7cee91f,ba0ff1667f88b3a0da55d80dff50b0fb,delivered,2018/3/15 11:11,2018/3/15 11:29,2018/3/16 22:12,2018/6/19 18:42,2018/4/6 0:00
00d15ff0236872686e4899ed1ce680ad,8ebb06c13ec14673af1630a22715f4bd,delivered,2018/8/7 16:33,2018/8/9 3:55,2018/8/14 15:24,2018/8/21 19:04,2018/8/30 0:00
00d1e381c0995f0bdb95909fe7434d0b,3fb1b736500b371cd8576c7050fe7256,delivered,2018/3/24 16:14,2018/3/25 16:10,2018/3/28 23:18,2018/4/2 15:28,2018/4/13 0:00
00d2559e61b9a0744a0552c35c5ecccb,d4af02c83608285f0bd9ff891130c980,delivered,2018/6/11 12:24,2018/6/11 13:32,2018/6/11 12:05,2018/6/18 16:51,2018/6/28 0:00
00d29386638bbfd1331a2cd7ab91b5b5,df6e8e7769e4a072c31ca99bf69fab12,delivered,2017/9/26 17:47,2017/9/26 18:06,2017/9/29 19:43,2017/10/4 23:07,2017/10/18 0:00
00d4439957b7fd3f8da4a33a965817fb,150262ecde07c5bc549ca2cc732dcbde,delivered,2017/4/19 7:47,2017/4/19 8:02,2017/4/20 9:17,2017/5/3 10:43,2017/5/11 0:00
00d50baf1bc56a3c59de1810a6b84b0d,430dae64e910e717c1135ff28b67aad2,delivered,2017/5/23 21:55,2017/5/23 22:10,2017/6/1 11:55,2017/6/28 11:19,2017/6/23 0:00
00d5fac7792747fba4b528f23930bebd,83b22908078c379ad87b33bd9034ebc2,delivered,2018/3/6 11:33,2018/3/6 11:55,2018/3/8 1:13,2018/3/14 20:10,2018/3/27 0:00
00d831d5c3ea03b7cd6f883ad799c7e4,7cc995918b7c4560b0f7ec54ef108d83,delivered,2018/3/12 11:56,2018/3/12 12:48,2018/3/16 0:08,2018/3/17 0:52,2018/3/26 0:00
00d85bfe0e28c91b69d0fe1f29255a31,3441b9aa98014569ee95cbff82a03abb,delivered,2018/5/9 10:52,2018/5/11 3:37,2018/5/11 14:00,2018/5/16 12:08,2018/5/30 0:00
00d88c00221ce96a1cfcaca9f2fceb3b,2726ee187e4908c9683ac2a8a0424af1,delivered,2018/3/6 23:02,2018/3/6 23:15,2018/3/8 20:50,2018/3/28 15:49,2018/3/28 0:00
00d8d65b666158b633f96054d31af43b,5e98d1f8f0534c460557d71961a7f10a,delivered,2017/10/13 19:57,2017/10/17 4:24,2017/10/18 10:53,2017/11/7 20:38,2017/11/7 0:00
00d94e8901b75ee0d6ef1f87f947b666,9d797a1a7d8ddb192708608d25197161,delivered,2017/5/1 14:11,2017/5/1 14:25,2017/5/3 14:11,2017/5/23 5:55,2017/6/5 0:00
00d9ac423c9ad6781c0ed04e87666691,64a495213f59f3050ccd2ed250d88dde,delivered,2017/10/3 11:54,2017/10/3 12:07,2017/10/3 20:28,2017/10/24 23:03,2017/11/3 0:00
00daac8efd71674d62356c2a306d1e4c,2b99e152f2351410951c503a2f6a2d7e,unavailable,2017/11/21 19:20,2017/11/21 19:29,0000-00-00 00:00:00,0000-00-00 00:00:00,2017/12/12 0:00
00dc6ad47477b3b62d3c0acbe98a82a4,5dd8298fb952a22f28534bfbda71aa2f,delivered,2018/2/24 19:41,2018/2/24 20:20,2018/3/2 17:57,2018/3/15 21:42,2018/3/27 0:00
00df27e666004db9f14bce766fa5327c,2f9fe192fe03e0b19bbe3ff35f3100c5,delivered,2017/11/18 11:44,2017/11/18 11:55,2017/11/20 22:16,2017/11/23 21:09,2017/12/7 0:00
00dfb074b5c910fbd08e04691c4b712f,a5ced4926d7d8fa71e9be2b007720356,delivered,2017/6/8 19:43,2017/6/8 19:55,2017/6/9 15:12,2017/6/15 9:03,2017/7/10 0:00
00e054d0da011d5016f31011af488f4f,fe43b2f349c9ab46883ce0e02491432c,delivered,2018/3/11 19:46,2018/3/11 20:08,2018/4/27 17:50,2018/5/8 15:44,2018/3/28 0:00
00e0bac9f6306d8269770acf4ee4b027,2fddb001e84993ba7e785f11415bc5cb,delivered,2018/3/4 23:02,2018/3/6 3:49,2018/3/7 23:04,2018/3/27 1:58,2018/3/29 0:00
00e1426d4c79f2e022570012c1ff57ed,a9c38ba869a0a0db70cde7e473a848bf,delivered,2018/3/22 18:48,2018/3/22 19:08,2018/3/23 22:10,2018/4/5 14:06,2018/4/17 0:00
00e1bdb3f1388c8ed222597ee4fa01e7,ddd97c5c66119bd2fe33f8709f77ab7b,delivered,2017/5/15 22:41,2017/5/17 4:10,2017/5/17 11:49,2017/5/24 5:57,2017/6/7 0:00
00e32e413e017e64ff93a9e800b8e1be,9403d354eae44e50158601ecc4be7060,delivered,2018/4/30 9:14,2018/4/30 9:36,2018/5/2 11:43,2018/5/7 13:33,2018/5/23 0:00
00e365f4fc03d1098841af23d05c17a6,491609eeefc72ee67ee5b42e63ba9859,delivered,2018/8/20 9:40,2018/8/20 14:51,2018/8/23 17:10,2018/8/29 18:56,2018/9/10 0:00
00e4050fe32e786290a29c61141e979f,9732d83dd0a2e6aa4a1ff900eca36c81,delivered,2017/8/12 12:24,2017/8/12 12:35,2017/8/16 19:03,2017/8/24 20:29,2017/9/18 0:00
00e5b655df1cc911466758210325c67c,7f2a66ad36459534aeadd9b1985bef2b,delivered,2017/7/7 14:20,2017/7/7 14:43,2017/7/12 11:37,2017/7/18 18:45,2017/7/31 0:00
00e63486fad9d24645c9c84ed77c15fa,d26415dbe622ef8eaf44c3c6e92ce1a7,delivered,2018/8/14 10:19,2018/8/14 10:30,2018/8/15 14:00,2018/8/20 21:58,2018/9/10 0:00
00e6786fee8f476835c151a4d3fa9bf1,7920ebe0de6925c9b6a7900675231e7e,delivered,2018/3/10 1:01,2018/3/10 1:40,2018/3/13 18:31,2018/3/21 22:21,2018/4/5 0:00
00e6bc6b166eb28b4502c1cad4457248,267bfea62bbfc1342ffc898248403bb6,delivered,2018/7/1 23:18,2018/7/1 23:30,2018/7/2 14:05,2018/7/5 18:27,2018/7/30 0:00
00e7aeced1d61792368ec7bf8b967a90,a59a22655d75791a336909c4bd133fbe,delivered,2017/4/13 2:11,2017/4/14 2:50,2017/4/19 16:34,2017/5/4 18:12,2017/5/17 0:00
00e7ee1b050b8499577073aeb2a297a1,06b8999e2fba1a1fbc88172c00ba8bc7,delivered,2017/5/16 15:05,2017/5/16 15:22,2017/5/23 10:47,2017/5/25 10:35,2017/6/5 0:00
00ea33f994bec0bbfda582074083ae12,392569e210fa974c457c69cfdb400d1e,delivered,2018/6/23 4:04,2018/6/23 4:18,2018/6/26 14:50,2018/6/30 16:51,2018/7/16 0:00
00ea690fe8c5eba029a3884243a02352,9d7381a45eebf403b3b830a9742b928b,delivered,2017/11/25 1:49,2017/11/26 20:13,2017/12/9 0:13,2017/12/18 15:33,2017/12/26 0:00
00eb7b95af5ed25aaec66d4ff5295846,e7c5f957b0de4d073c09a91b8bfaa215,delivered,2018/1/4 14:19,2018/1/4 14:30,2018/1/4 23:04,2018/1/15 11:51,2018/2/8 0:00
00ec95a58b63378d4cc06d196cdefdf6,db524d69694d9b945d58f4dad03d914e,delivered,2017/12/24 14:17,2017/12/24 14:28,2017/12/26 21:47,2018/1/3 16:50,2018/1/19 0:00
00ed64bc080d87b4ab7f0c433bc5e98f,3e49d94c6d8ad4a1f5589db832772317,delivered,2017/5/30 18:18,2017/5/31 18:22,2017/6/1 13:57,2017/6/7 13:50,2017/6/22 0:00
00eead1d5a799277ef3d6b387b0bebef,c713fee6f70301b6bf60701902502703,delivered,2018/8/27 18:45,2018/8/27 19:04,2018/8/28 14:17,2018/8/30 21:31,2018/9/6 0:00
00eef7fe9e315a85d1a61a50cccb2494,db19e8cffbc71ab7e1c29a1d6e4935e0,delivered,2018/2/11 13:18,2018/2/11 13:28,2018/2/16 20:07,2018/2/24 18:45,2018/3/7 0:00
00ef7ed06a55243f3e6a9d373a89eb14,30c93f8296b9a02c0eec5de60b94f98c,delivered,2018/1/12 16:43,2018/1/13 17:31,2018/1/15 19:23,2018/2/15 19:33,2018/3/5 0:00
00efb72d8e18533f736e86770705d094,bcda63215770504537bdb7ae298568f6,delivered,2018/6/4 17:40,2018/6/4 17:53,2018/6/5 10:15,2018/6/13 18:41,2018/7/12 0:00
00f1a34f176151c4dcbd802c244e1072,be0d8abce3af32826fcffbd35cb3b73b,delivered,2018/8/16 15:21,2018/8/16 15:35,2018/8/17 14:00,2018/8/22 13:27,2018/8/29 0:00
00f1bb0af030935db1745ee28367ea26,0d8111a81ce6ed7cb969e28a01392f63,delivered,2018/8/6 23:19,2018/8/6 23:35,2018/8/10 12:34,2018/8/18 14:25,2018/8/27 0:00
00f1c7c1542f5f86c3091749d9e939d8,ac99113c54549df0dffec419b6cb19a4,delivered,2017/12/15 23:25,2017/12/19 9:51,2017/12/20 20:28,2017/12/26 18:14,2018/1/15 0:00
00f1cc7439ccb8671133776d1829faf5,5bbefc8139328a291147ac389f226052,delivered,2017/11/22 22:07,2017/11/24 3:12,2017/11/29 18:33,2017/12/1 20:16,2017/12/4 0:00
00f251b943aba645652c7138e4716fee,3d54e262ab34438486bd0eb8bf022c2f,delivered,2018/8/13 11:18,2018/8/13 11:44,2018/8/13 14:37,2018/8/20 18:36,2018/9/3 0:00
00f2a3509bd600bd1a06a48353788d93,37dafcdee86df7843f93d4b4d5325dde,delivered,2018/2/25 12:08,2018/2/25 12:29,2018/2/28 15:34,2018/3/1 16:58,2018/3/26 0:00
00f2c876aa08fbba04199823952e96c1,eb4fea182012be623175b35ee37dfe50,delivered,2017/4/6 10:21,2017/4/7 3:15,2017/4/10 12:04,2017/4/18 14:10,2017/5/9 0:00
00f324f6ec332cd73ef8be4888573662,e067722fcbc90ea29be6932c863fea87,delivered,2017/6/29 21:47,2017/6/29 22:03,2017/7/7 18:04,2017/7/17 19:57,2017/7/25 0:00
00f33ee62c15223679d3550e751c37cd,2c499841f2c353053fd296844c4908f5,delivered,2017/11/25 16:17,2017/11/25 16:32,2017/11/30 15:25,2017/12/18 18:09,2017/12/18 0:00
00f426c7214575822c3cb44ea59ef0f6,f5958334207adf09817b5451cba61651,delivered,2018/7/13 7:40,2018/7/13 8:45,2018/7/16 14:08,2018/7/25 19:32,2018/8/13 0:00
00f57f2ccce2a2e3f393fe8f5e616e0d,c5e16ca2f4093350809b5f66c5cdfd32,delivered,2018/7/8 22:01,2018/7/8 22:15,2018/7/11 14:28,2018/7/16 15:38,2018/7/30 0:00
00f5fbdc777e8198c1ee008122e28ae3,2010587cb06df66a241fa29a40cdf9ab,delivered,2017/7/29 17:43,2017/7/29 17:55,2017/7/31 21:23,2017/8/10 9:44,2017/8/24 0:00
00f621226c6f4e938348f6f3a71fdc62,ea15bb903b8f82b3f8ebdb8a9f305154,delivered,2018/5/9 14:32,2018/5/10 3:49,2018/5/10 17:00,2018/5/17 18:59,2018/6/4 0:00
00f6ac4816d12f49026b09f2aa77d15f,9bb70fa63970b9d88191a90481d551da,delivered,2018/8/6 17:17,2018/8/6 17:30,2018/8/7 14:39,2018/8/13 16:18,2018/8/27 0:00
00f6dbc6195397197ee147ee45607a2c,69a24d8e0de91f88acc612cb7d70dc1b,delivered,2017/5/1 17:23,2017/5/3 11:15,2017/5/4 13:46,2017/5/17 10:53,2017/5/25 0:00
00f7c5b41250e0126ced62d612ff4711,3c5aa62fbe268c0beee7bf98386b421a,delivered,2018/1/11 10:30,2018/1/12 2:35,2018/1/16 0:24,2018/1/23 20:34,2018/2/14 0:00
00f86b368251d739f1896d41469b2b7a,14c152bfbd60c86aa6bc4d4e68a9378e,delivered,2018/8/17 23:15,2018/8/17 23:30,2018/8/20 12:33,2018/8/28 18:12,2018/8/31 0:00
00f8fc0cb9d9b7813f1f54fbd75426f1,5fabfab95333c3c3641f4cd20f86a56e,delivered,2018/1/22 10:45,2018/1/22 14:16,2018/1/23 22:19,2018/2/2 1:02,2018/2/14 0:00
00f98eaeddb9debc8df8cb27e08216d4,f6d650f5127f08c4ed7c4f596c0f9cb5,delivered,2017/10/18 17:40,2017/10/20 2:56,2017/10/20 20:32,2017/10/23 16:32,2017/10/30 0:00
00f9b0236a85fb8a06fbd9b9c53fddd8,dd6ff79fddc7e5fadda7b83b2bf4383b,delivered,2018/4/22 15:59,2018/4/24 19:25,2018/4/27 13:33,2018/5/4 0:47,2018/5/14 0:00
00f9b6769c6648ac08bf43081d1f2b07,66f800bfc254bf9cec8041dd1896fcb7,delivered,2018/5/12 9:34,2018/5/12 9:54,2018/5/15 14:53,2018/5/25 16:54,2018/6/19 0:00
00faa6afcde74aaa630e1d2fda2bb0f7,44344e9f944a5692177be10177f62fba,delivered,2018/8/1 13:24,2018/8/3 2:45,2018/8/3 11:14,2018/8/10 14:52,2018/8/24 0:00
00fb055886536063afa0dbee07a0944f,ab9e9b26c172c928efe04a741772958f,delivered,2017/5/24 9:04,2017/5/26 2:25,2017/5/26 10:28,2017/6/1 17:29,2017/6/21 0:00
00fb278a99144cc1004b3ed1452ff5e1,7a186a2e9b7fb35a7d158a5a43447b3d,delivered,2017/3/5 9:31,2017/3/6 9:35,2017/3/6 11:41,2017/3/10 11:38,2017/3/23 0:00
00fbcd8b120e5706c58b9d1a0026a7da,ff60d321ad354e757bb24fa7ae799676,delivered,2017/11/14 12:48,2017/11/17 4:06,2017/11/22 17:57,2017/12/6 0:51,2017/12/7 0:00
00fc308dd7f0937682698becaa9dcc45,f40f31f8bfcc5f74d9d246354b90af09,delivered,2018/8/20 19:51,2018/8/20 20:10,2018/8/22 14:26,2018/8/28 1:52,2018/9/6 0:00
00fcf938cde49ae138942b632ed62393,396573e1df49285167b26331d72e7f96,delivered,2018/1/11 1:04,2018/1/12 2:38,2018/1/15 17:35,2018/1/30 10:58,2018/2/9 0:00
00fdb72e467da6f3b000b19b368a6cf6,299735fa1daa3e83ee1048309d22f9da,delivered,2017/10/24 21:31,2017/10/24 21:49,2017/10/27 20:47,2017/10/31 22:18,2017/11/24 0:00
00fe20fc069833ab95021b46d6862646,ddb83a5b3161520fcd64863c1a266ec4,delivered,2018/4/25 21:35,2018/4/25 21:51,2018/4/26 14:43,2018/4/27 18:04,2018/5/28 0:00
00fed9e582d5a3e38566872eec164ac6,8eafffbc006c6986450ed2a5e6f519c5,delivered,2017/9/26 14:49,2017/9/26 17:07,2017/10/4 8:33,2017/10/9 15:15,2017/10/24 0:00
00ff0cf5583758e6964723e42f111bf4,e3626ed5d1f2e3a02d692ec948b25eeb,canceled,2017/4/10 0:45,2017/4/10 1:03,0000-00-00 00:00:00,0000-00-00 00:00:00,2017/5/4 0:00
010061e3aa0c6ed5e393dda0652bbee8,1e427598ddcfbca80566d2bcd92dd995,delivered,2017/11/13 9:49,2017/11/14 3:35,2017/11/21 19:18,2017/11/24 0:58,2017/11/27 0:00
01006620eb4732deec44be4b0d9e33cd,e7acff27456fbf335dfae22a6bceba90,delivered,2017/10/14 21:34,2017/10/14 22:03,2017/10/17 19:10,2017/10/24 14:03,2017/11/7 0:00
010078e0913f48d014483bd856c01ca1,cba40225005628d0bb62cc9d15c9333f,delivered,2017/11/26 14:52,2017/11/26 15:14,2017/11/30 18:39,2017/12/5 22:13,2017/12/21 0:00
01015fb6493ea5b9ba105c80b5452da1,32f56b65a879ae7a310257eb5bf070aa,delivered,2018/1/9 21:01,2018/1/10 10:32,2018/1/12 20:43,2018/2/6 18:37,2018/1/30 0:00
0101aea69a09e1aa32caa6dbaba98503,55e153b503a15cf10845bacbb3b4d616,delivered,2018/5/26 13:07,2018/5/27 13:10,2018/5/28 14:08,2018/6/16 19:34,2018/7/19 0:00
01029b44abe6e15c8df48b1b759ab437,3e0d489d05ca15801e274f39adb8d213,delivered,2018/6/27 22:24,2018/6/28 0:35,2018/7/3 16:27,2018/7/5 19:03,2018/7/16 0:00
0103878b7ed86b6ec873cfae01379472,e8a101d3de305ff620d4febe10137fd0,delivered,2018/8/16 0:03,2018/8/16 0:15,2018/8/17 13:25,2018/8/22 22:38,2018/8/31 0:00
01074135a88ffa5978eaadfc7f482f2b,acc1272df0c1c3d973ccb5be09d0ab41,delivered,2018/3/30 10:53,2018/3/30 11:47,2018/4/2 23:06,2018/4/17 17:29,2018/4/24 0:00
0108c64ec135e4a7a75e9b5102af9bfa,6ce3934a71cf3aa6ff51b5298ed06d9e,delivered,2018/1/29 8:26,2018/1/30 5:31,2018/2/1 12:56,2018/2/22 18:17,2018/2/26 0:00
0108fba93678555ad1cec9c267848187,8bbf21f65f542300bbf3ef6012820922,delivered,2017/6/4 21:48,2017/6/5 21:55,2017/6/6 9:51,2017/6/7 7:17,2017/6/19 0:00
01094e169d4b14edaf6954eeddb83633,2b7ad3fc92af63027a7748b084f9b439,delivered,2017/9/27 13:54,2017/9/27 14:07,2017/10/4 13:08,2017/10/17 20:43,2017/10/26 0:00
010a35dc7fc3808a03d243d2fd8c6e35,be2c2532426301bff89f1493242c4afa,delivered,2017/12/16 18:02,2017/12/16 19:10,2017/12/19 3:07,2017/12/22 16:59,2018/1/5 0:00
010ab3b1993057e91f825c672375a66d,0e17f21d1c39581137b6cbc8d14bea37,delivered,2017/2/20 8:19,2017/2/20 8:30,2017/2/20 14:11,2017/3/2 14:06,2017/3/23 0:00
010b0f6bd323a9effd095a743e660f26,892522b67acfcb855f3feba4cff78050,delivered,2017/7/18 12:56,2017/7/19 7:32,2017/7/20 19:26,2017/7/26 13:57,2017/7/31 0:00
010b143d83a59b355cd5a75c0f0fd785,c181ea8a3ec364246642e36dae84bf30,delivered,2017/8/30 23:28,2017/8/30 23:44,2017/8/31 21:12,2017/9/18 15:04,2017/10/6 0:00
010c995323bc17d8156fbe2c37fed63e,eada5b345b1d846ca260ad12e8ec98cd,delivered,2017/3/25 19:18,2017/3/25 19:25,2017/3/28 13:05,2017/3/31 10:46,2017/4/13 0:00
010d14f76a229c295260e4ca4744acc7,02e460a9db12a0de7f952f8facb66312,delivered,2017/12/1 19:46,2017/12/1 19:57,2017/12/4 18:07,2017/12/18 16:43,2017/12/29 0:00
010d15deea8cae96ae86ea8097917a17,bfab01097454f7cf7d2ba80d7af6125f,delivered,2018/4/5 15:04,2018/4/5 15:15,2018/4/10 19:12,2018/4/17 18:41,2018/5/7 0:00
010d6db2f77220b394f147836c94f27b,544cfbf822c23de5e82f86d638b82b58,delivered,2018/7/11 16:56,2018/7/11 17:10,2018/7/12 15:08,2018/7/21 15:26,2018/7/26 0:00
010e04b5f879320f29a9bd6ca41abc94,e5475160d45b86c1272caa11513641ba,delivered,2018/2/17 12:50,2018/2/17 13:06,2018/2/21 21:29,2018/2/23 15:46,2018/3/5 0:00
010e7dda85fff564e8b7076ae3928efb,76c6370ab8b030109448c39db2b9e08c,delivered,2017/11/27 14:26,2017/11/29 14:33,2017/12/4 23:18,2017/12/12 21:49,2017/12/18 0:00
010ef5b0279d7512e7343cb775e423c0,4b9e8cd034b45245928f0d55a4ed4310,delivered,2018/4/17 11:28,2018/4/17 12:15,2018/4/18 15:32,2018/4/23 22:41,2018/5/7 0:00
010efe60bdadc9261d1902f3c1dda5f3,ac950cebc3bfe72c92a3768b6e8d3856,delivered,2018/6/7 16:46,2018/6/7 17:00,2018/6/8 17:32,2018/6/15 20:38,2018/7/17 0:00
010f223ddbec749e95ef3f5414f9c4ee,0ffe52b2e3ef0d91f5387dbcca59a841,delivered,2018/6/8 18:57,2018/6/8 20:44,2018/6/11 12:26,2018/6/18 18:42,2018/7/5 0:00
010fadb12341d8253d920362fc8f7a16,135bbed7ce32647898c18ba5907cb80a,delivered,2018/2/9 17:28,2018/2/9 17:35,2018/2/21 21:13,2018/3/5 23:49,2018/3/6 0:00
010ff1cfe12f3094577e72b7bcecdf98,7496d369c45e3249794df2d9b132a3e3,delivered,2017/10/11 23:05,2017/10/12 23:14,2017/10/16 22:52,2017/10/19 18:20,2017/11/9 0:00
0110688c40ff035d672af3aac1f38f10,f66684cd226d7d5cbbc43491ac08390a,delivered,2018/2/1 14:20,2018/2/1 14:35,2018/2/2 20:03,2018/2/27 23:34,2018/3/1 0:00
011080783e02d05b26c8c158b3653a42,7e1d6ae9c77f1010a374656024661408,delivered,2018/6/14 15:22,2018/6/14 15:38,2018/6/18 16:18,2018/6/22 23:36,2018/7/13 0:00
011105c3b5b8693eda1bfb1f152cec2a,63cff72cfb37670b3c826dedcaf32a6d,delivered,2017/7/31 13:45,2017/7/31 13:55,2017/7/31 21:03,2017/8/8 12:45,2017/9/1 0:00
011108c8a3d6eee6807f48a2e639439f,856423159bb2e932fecbc5917bce21be,delivered,2017/4/25 17:25,2017/4/25 17:42,2017/5/4 13:59,2017/5/19 9:26,2017/5/16 0:00
01115c06246220def210911556bdc0e5,7db5bde0f0fcee8817a4c317cf05429a,delivered,2018/3/14 9:20,2018/3/14 9:35,2018/3/14 19:22,2018/4/3 0:07,2018/4/4 0:00
011331376a4c6cc7a9e5bc165ec169d0,e62a03d00892173f46bb99a1da0f86f3,delivered,2017/6/23 13:03,2017/6/23 13:10,2017/6/27 6:32,2017/7/5 14:07,2017/7/17 0:00
011375f941b3695c3c3ee58bfe0d3655,03d804d4d3e76cbac2fdec148e8d2742,delivered,2017/9/23 17:59,2017/9/23 18:26,2017/9/29 23:36,2017/10/6 19:05,2017/10/18 0:00
0113affd907a209209ab08413bb54226,e4d417e5628f278edd59031ac99c168a,delivered,2018/7/9 20:46,2018/7/9 20:55,2018/7/16 13:48,2018/7/31 18:26,2018/8/6 0:00
0113c9989fe6e5007795daec0633b405,b655e5fd84f933787506b58d4060458c,delivered,2018/6/25 13:18,2018/6/25 13:34,2018/6/27 9:06,2018/6/29 22:14,2018/7/17 0:00
011405ae7b89def8ffb3468eb29c299d,a9262f07bdf485ee87c6780a830ff83a,delivered,2018/5/4 13:39,2018/5/5 13:50,2018/5/7 15:44,2018/5/9 13:14,2018/5/21 0:00
01144cadcf64b6427f0a6580a3033220,74219e78dcaeeb30e8d09ed57801f0fe,delivered,2018/2/3 0:01,2018/2/3 0:15,2018/2/5 19:36,2018/2/14 15:10,2018/3/12 0:00
0114835d7f0b3f674b70a989411e31c1,c865d1d500bae6adb604c4a55a31525a,delivered,2017/8/31 16:17,2017/9/1 2:30,2017/9/1 15:34,2017/9/4 19:57,2017/9/13 0:00
01156b662f3f47b249b5a8881d205f08,ac7787b04da7c05fe6037343bd8bf577,delivered,2017/9/13 20:36,2017/9/13 20:50,2017/9/18 21:07,2017/9/27 19:20,2017/10/3 0:00
0115abf6b892040abfdd5bdfcb6b2c51,55e24d33ade77f949c22b6e008801c15,delivered,2017/4/20 12:32,2017/4/21 5:10,2017/4/26 19:15,2017/5/15 11:51,2017/5/10 0:00
0115d160c5fbd758a139ff90821db60d,9e593469b6f1beac77c2da4d73bf1228,delivered,2017/8/29 19:14,2017/8/31 4:31,2017/9/1 22:15,2017/9/18 22:05,2017/9/15 0:00
0115f8bb1dc16d3fac863ce1deb037b6,17ec3674dce86b3240e0a333cc51112e,delivered,2017/6/30 19:13,2017/6/30 19:25,2017/7/3 11:59,2017/7/7 17:12,2017/7/21 0:00
011667ae100a333a3051c9a23e3f0283,84e32c18718319d7e8f2d11f897d1afa,delivered,2017/11/29 10:42,2017/12/1 12:31,2017/12/4 20:46,2017/12/7 23:22,2017/12/20 0:00
011724d1afbd91844302627f79a66800,9899640961f5678c7fb0c46815ee6408,delivered,2018/8/9 18:32,2018/8/9 18:44,2018/8/10 13:55,2018/8/15 12:46,2018/8/22 0:00
0119e98feb97441cb456c010c25b04ff,cfa9e5ae05a54e058846a30a2c288118,delivered,2018/1/22 11:52,2018/1/22 14:54,2018/1/24 22:33,2018/1/31 16:34,2018/2/21 0:00
011a43bc9bb525517251ebb3ebc99b69,bc6123686b421b9084028c34499824c4,delivered,2018/4/25 18:15,2018/4/26 18:09,2018/4/27 15:10,2018/4/30 15:48,2018/5/9 0:00
011a56023faf5bbb9af634e20a85f7bc,cd321431eb241e989d200c78d0a4bfc4,delivered,2017/5/10 6:54,2017/5/10 7:05,2017/5/10 12:09,2017/5/18 12:48,2017/6/1 0:00
011abf147a69ba486bae3a74b6cd1814,bdbdcd5b18193390b025df518afe94ba,delivered,2017/5/12 11:19,2017/5/12 11:30,2017/5/12 20:26,2017/5/22 11:22,2017/6/5 0:00
011af0959ebf2b09a062867811dc63b5,5fbf764940fb75727525f6af71eef49d,delivered,2017/8/6 17:35,2017/8/6 17:50,2017/8/7 20:22,2017/8/9 21:03,2017/8/29 0:00
011b142c9e082a5c1d10e0a88cd9c8e8,0c7a95280b3f80eadd81c829e093dbec,delivered,2018/3/23 11:43,2018/3/23 11:55,2018/3/27 3:14,2018/4/14 19:18,2018/4/16 0:00
011b8dd4f8c36fd4fcf50643ce91d58a,1477ef68b5dbf1417fead5a9814cf047,delivered,2017/7/7 22:00,2017/7/8 22:05,2017/8/1 13:17,2017/8/4 20:57,2017/8/14 0:00
011bf86f1b7dacebda2c874333cf656b,e1238987433fd511c3a493ea3d3913b0,delivered,2018/3/9 19:44,2018/3/10 19:48,2018/3/14 1:38,2018/3/21 21:38,2018/4/5 0:00
011c899816ea29773525bd3322dbb6aa,c15a53f6fbae984bcbf4ac7bc4395cc3,delivered,2018/4/30 15:02,2018/5/1 5:32,2018/5/3 16:51,2018/5/15 22:33,2018/5/24 0:00
011e6e76dd0cd56d26b5b0cb036e80a8,3a6fc4af206cad7a5eaca926cdffd0d7,delivered,2018/4/8 17:34,2018/4/8 17:50,2018/4/9 19:02,2018/4/11 20:53,2018/4/19 0:00
011f9dff2545a2cf8ac1809faed3ec88,fd10113c54f4f4bfcaacbd1c2d188a77,delivered,2017/8/1 19:00,2017/8/1 19:10,2017/8/3 12:41,2017/8/9 21:04,2017/8/23 0:00
011fcb4fabb3e142579ad63472b11227,1798df51bcc12309eb0ac35f5bb5875f,delivered,2018/2/10 10:45,2018/2/10 13:50,2018/2/14 19:58,2018/3/14 22:38,2018/3/7 0:00
0120e3dd2696a3bbb68dc2860815f7f2,67ec7f982297cfb734824a3b3a7a56c0,delivered,2018/3/26 11:47,2018/3/26 11:55,2018/4/3 1:18,2018/4/10 20:58,2018/5/11 0:00
01218a8a807fc187849529e6f12237a9,a652f27bc38cb4869b7d5d82902c0b16,delivered,2017/10/22 23:06,2017/10/22 23:14,2017/10/25 15:05,2017/11/1 17:28,2017/11/14 0:00
0121cfa7c946e6589f50d7012d3eb5eb,4797fb67b3991c9513486658f6d694fd,delivered,2017/8/30 11:47,2017/8/30 12:50,2017/8/31 21:36,2017/9/6 20:06,2017/9/26 0:00
012219b6d6d034eb359fc74730a080db,8857149a50b77dba1bb318e46bb57f65,delivered,2018/5/10 0:18,2018/5/10 0:34,2018/5/10 15:25,2018/5/16 19:18,2018/5/28 0:00
012248555cb0bf51df99199cef81d562,c1d8a080ff171328688530727dc4e026,delivered,2018/2/1 17:31,2018/2/1 17:52,2018/2/2 23:42,2018/2/17 18:39,2018/3/2 0:00
0122e81ff800460e44bb9c983ff2a2fd,3b16d7fa7eb80db40124dc1748faae1c,delivered,2018/3/16 11:58,2018/3/17 2:50,2018/3/19 22:32,2018/3/28 16:48,2018/4/5 0:00
0123098b96f3d4014545642be53d891c,746b43bea6d9eb220867694bfe4b800d,delivered,2017/8/15 11:02,2017/8/15 11:30,2017/8/22 10:46,2017/8/29 23:47,2017/9/6 0:00
01235dc626dcf13283207ba7f36a959a,f418fa622ecaa0dc1bc8524446faf6fd,delivered,2018/7/24 9:57,2018/7/25 2:50,2018/8/3 14:14,2018/8/6 14:57,2018/8/9 0:00
01237c761ffb72594a466ed514518af0,344bcdb5be77a9718607ba86ca48f765,delivered,2018/7/5 22:40,2018/7/5 23:20,2018/7/6 11:14,2018/7/10 23:08,2018/7/25 0:00
0123a055aa66357326dd6db066592a7d,993d78fad972fb03a64f3126d934160a,delivered,2018/4/24 14:11,2018/4/26 3:55,2018/4/26 15:01,2018/4/30 15:47,2018/5/11 0:00
0124e0c5bfae1979838a91e47df53f14,6bf7cea1d53d6e27e5debdb2d5049ff6,delivered,2018/2/8 15:31,2018/2/8 16:59,2018/2/14 20:04,2018/2/15 20:11,2018/2/26 0:00
0124f01177fc17cf20e1974621fd759a,7fdbfe237a74f478ff41c54678f104ab,delivered,2017/5/13 14:03,2017/5/13 14:15,2017/5/15 14:02,2017/5/22 14:45,2017/6/2 0:00
01255808a3d38a8dd69aa93265a4cb88,a72282d3fc20f2e29b2659372f3aa616,delivered,2018/1/22 12:01,2018/1/23 11:56,2018/1/26 20:51,2018/2/1 21:59,2018/2/19 0:00
012670c73246a753cbde0a215c2b9e8f,bfd798b55813a211343f1612ecc25b17,delivered,2018/3/2 19:01,2018/3/2 19:15,2018/3/5 21:14,2018/4/12 20:54,2018/4/4 0:00
0128412231f9fe9d7e944eea5392fc6b,a7089cdfb6b910afd377368f3335b1e5,delivered,2018/8/22 15:38,2018/8/24 3:15,2018/8/24 16:46,2018/8/30 19:59,2018/8/31 0:00
012973f4cb6743d00d7e2644ddc8804c,eb00b6b34bb7da3b9cf13c9ba8d1e136,delivered,2017/1/27 22:02,2017/1/28 10:32,2017/1/31 10:21,2017/2/6 13:58,2017/3/9 0:00
012a238ab54294a3b365812ccc82b135,14f41b6464ff102ab009a269052e7a11,delivered,2017/9/7 18:21,2017/9/7 18:35,2017/9/13 10:11,2017/9/19 18:44,2017/10/4 0:00
012b3f6ab7776a8ab3443a4ad7bef2e6,5ecc5bb2b96483a913b2d138e56aa1df,delivered,2018/5/4 21:18,2018/5/4 21:33,2018/5/5 9:30,2018/5/12 12:58,2018/6/1 0:00
012bea13f9a355c983efb59a3f23583a,71cd7e5e11ae80ed42c6c57ff51a347d,delivered,2017/11/24 16:17,2017/11/26 17:15,2017/11/27 17:19,2017/12/15 15:09,2017/12/27 0:00
012d8cbea490e6102cee6a2088aaa785,9143de688296ba2531bed7883a7f31c2,delivered,2017/10/19 21:07,2017/10/19 21:27,2017/10/20 20:45,2017/11/3 19:12,2017/11/23 0:00
012dc9e42da722d22e32c618a2521bec,90de167c37925320a60cc9f4cc750117,delivered,2018/4/4 14:19,2018/4/4 14:30,2018/4/5 17:03,2018/4/9 23:41,2018/4/16 0:00
012e93f8170eb75b2f2f650629d04517,247d810acdcbc96b05e98fa5ddbc250e,delivered,2018/2/1 23:27,2018/2/1 23:51,2018/2/2 20:37,2018/2/7 15:15,2018/3/1 0:00
012ea594e035047289b3e7c3f8b90cef,39851c46815f49fafb7bc26ed6bf513d,delivered,2018/5/3 21:10,2018/5/5 3:10,2018/5/8 15:50,2018/5/9 13:16,2018/5/15 0:00
012eab2625c5f8aaac6f37f2c19ef62f,6cd14b229f3969efc4e799d5a58af63c,delivered,2017/11/4 0:38,2017/11/4 0:50,2017/11/7 15:42,2017/11/14 17:14,2017/11/27 0:00
012f255bd5034b8e7fb3c91566a91cc8,87eccba53579db5563b0588f8943373d,delivered,2017/10/6 9:42,2017/10/6 9:49,2017/10/6 19:48,2017/10/9 20:43,2017/10/30 0:00
012f29911fcd2f1209d937741a6bbc6f,63a479f36824ee8972e112caa2e4e64a,delivered,2017/5/16 15:39,2017/5/16 15:50,2017/5/19 9:39,2017/5/22 11:44,2017/6/5 0:00
012f2c4ca09b101a73e18957c3294cd6,ddffe99936ec5bf99f1ea9ad22fde3eb,delivered,2017/5/7 22:23,2017/5/7 22:35,2017/5/10 12:40,2017/5/15 9:14,2017/5/31 0:00
013037c3f1773cc8fdbaf8ff54d8013b,35df3e8a58fe7d040ed21c7d521f8711,delivered,2017/3/28 15:15,2017/3/28 15:25,2017/3/28 15:39,2017/4/3 16:43,2017/4/19 0:00
013056cfe49763c6f66bda03396c5ee3,d3d38825275e47847abef7e1936b3bcb,delivered,2018/2/14 12:48,2018/2/14 12:55,2018/2/15 20:32,2018/3/3 12:09,2018/3/7 0:00
0130f0f71fb0e831d18e6a3b33a3a50c,e56f6dff7b8ac9813ddeb2312f0d834f,unavailable,2017/5/12 10:17,2017/5/13 3:10,0000-00-00 00:00:00,0000-00-00 00:00:00,2017/5/22 0:00
01311f2795d8463a11f9422173687696,4292ad887342214c93ed734b90355ce8,delivered,2017/10/25 16:10,2017/10/26 3:08,2017/10/27 11:45,2017/11/7 18:53,2017/11/17 0:00
0132158c30672a8c52997a2492613ec2,5a3f73cc3e52ab64478beb5ce8756f4b,delivered,2017/3/13 23:23,2017/3/13 23:23,2017/3/14 9:35,2017/3/15 9:27,2017/3/30 0:00
0132451f29a10b66a5cf1bacc85f9afe,1c5b37d20011c637ad1a5b6d423c7483,delivered,2017/11/8 17:08,2017/11/9 17:08,2017/11/10 18:48,2017/11/17 18:58,2017/12/7 0:00
0132d77609dd6e1867515ec57d898c10,6d3be2594860b9675c102aa88d71992e,delivered,2017/9/27 1:15,2017/9/27 1:28,2017/9/28 18:05,2017/10/9 18:33,2017/10/24 0:00
0132f39e8ad9b42ad2d41c847f44c0ed,a09467d10848ae399caa6f3fb072c6cd,delivered,2018/7/5 14:49,2018/7/5 16:22,2018/7/5 14:58,2018/7/6 21:09,2018/7/18 0:00
0132fef017ccf586491ca3685de667df,6ed04295dca042b17dc984a992352343,delivered,2018/6/6 8:51,2018/6/6 9:11,2018/6/6 15:00,2018/6/7 17:28,2018/7/3 0:00
01336d091c57d8be1feca330c5f047bd,bb194a93468bc295f8e1ff7186a131f4,delivered,2017/6/19 20:08,2017/6/19 20:23,2017/6/20 11:59,2017/6/27 16:42,2017/7/18 0:00
0133a47b53fee66218790a8d7dcab993,0663e652f8793c2d4eb77e8185a5747f,delivered,2018/4/20 19:05,2018/4/24 18:59,2018/4/23 17:33,2018/5/2 18:07,2018/5/22 0:00
0135675503322d804abef7ec5ed4824b,969678c7317657c3a5855fe90a69894c,delivered,2017/10/22 19:23,2017/10/22 19:35,2017/10/23 21:28,2017/10/30 19:35,2017/11/16 0:00
01358622f65717728b3b2ec2cf4e8812,21307401801cf2242315563c89d8b9fb,delivered,2017/10/28 22:00,2017/10/28 22:10,2017/10/30 18:45,2017/10/31 18:08,2017/11/10 0:00
0136390286be8a34efdc801ed150568f,a666bb7a77916be2716fa1420c73c56f,delivered,2017/7/16 12:26,2017/7/16 12:35,2017/7/20 12:12,2017/7/24 11:38,2017/8/10 0:00
0136bcc7370d7fdf44bd916a6dd583c6,55be5653a69f4551dae9951e54acf572,delivered,2018/5/20 19:31,2018/5/20 19:50,2018/5/21 15:58,2018/6/6 18:53,2018/6/5 0:00
01380d0df5b7dc8bd13f2266a57bd42c,c903ba1283fbd5c51a9bad4ec9fd8d97,delivered,2017/4/17 19:32,2017/4/17 19:45,2017/4/18 9:48,2017/4/21 11:24,2017/5/8 0:00
013a98b3a668bcef05b98898177f6923,60c23b4f05e926f24472f5ae2ec6b89c,delivered,2018/8/11 23:17,2018/8/11 23:30,2018/8/13 14:06,2018/8/17 14:38,2018/9/17 0:00
013aa6ba5077072401773f83f1ee6408,4c91265edcfe58dd5ce2dcdb2fba7813,delivered,2018/7/25 11:31,2018/7/25 11:45,2018/8/2 13:27,2018/8/15 17:55,2018/8/20 0:00
013b811ba81339b7634ab5231c547e6a,c75a1075cc4b47245da8ae972c8ac08e,delivered,2017/10/24 22:31,2017/10/24 22:49,2017/10/26 13:30,2017/11/1 22:35,2017/11/13 0:00
013bc5ce14f856d31efc8bebdc3a278f,f8fc70c22831cb93f1bf7f8eefa19765,delivered,2017/2/6 19:12,2017/2/6 19:25,2017/2/10 14:04,2017/2/14 9:07,2017/3/13 0:00
013bc77d3ca5fba084a241fdcb307393,96ce05a47b37faa11bd59938ee555a7d,delivered,2018/1/17 0:23,2018/1/17 0:37,2018/1/18 13:53,2018/3/12 17:06,2018/2/19 0:00
013d92e415d1de7bf3b3b706f1b6d292,898107309c7e33b88d7141ebde723c17,delivered,2018/1/25 13:53,2018/1/26 14:22,2018/1/29 15:52,2018/2/20 20:52,2018/3/2 0:00
013e9c654a339d80b53513da3c1ea437,9391729f79cd9e5fd7ca884ca030f579,canceled,2017/6/18 13:48,2017/6/18 13:55,0000-00-00 00:00:00,0000-00-00 00:00:00,2017/7/7 0:00
01405161cfdf60dd80df1f393a2796d5,50a5ce7e867f2fabc3eb4703dfb432df,delivered,2018/8/9 21:16,2018/8/9 21:30,2018/8/13 10:05,2018/8/20 12:19,2018/8/24 0:00
014176e9538672a32d2a9b73bf53a31f,2584307af792d605f55f588694980576,delivered,2017/12/1 11:01,2017/12/1 11:31,2017/12/6 19:53,2017/12/19 19:07,2017/12/29 0:00
01422b2c3c27fa3bc464e72eaed9676b,f864bce0fe28292472d76696b4c4639d,delivered,2018/4/9 10:11,2018/4/9 10:30,2018/4/9 23:36,2018/4/19 0:41,2018/5/3 0:00
01428962dce3b65e5433eaeb16c0f48f,62a31d294c310db1ce08d21a575c4144,delivered,2017/7/13 14:39,2017/7/14 2:24,2017/7/21 17:39,2017/7/31 18:25,2017/8/14 0:00
0143924743f240e1fdcd6a8918fbe147,3f979506b05475cf5da22aa8e6c36a6c,delivered,2017/7/18 17:52,2017/7/18 18:05,2017/7/19 19:22,2017/7/21 22:33,2017/7/31 0:00
014405982914c2cde2796ddcf0b8703d,2de342d6e5905a5a8bb3a991c855f3e2,delivered,2017/7/26 17:38,2017/7/26 17:50,2017/7/27 19:39,2017/7/31 15:53,2017/8/17 0:00
01442602b15d4127a84ca6ac1507ee2d,5f816233eb2322dd00015934ff84693c,delivered,2018/7/29 14:13,2018/7/29 14:31,2018/7/30 18:05,2018/8/6 18:03,2018/8/21 0:00
01443cd06ea8bce82c554a46f307459f,7995a0161ac789e3a05607de1620d517,shipped,2018/1/3 10:43,2018/1/4 14:32,2018/1/5 17:35,0000-00-00 00:00:00,2018/2/1 0:00
014872cb0c4fc7695c70484966baa65c,b103b8c8af8eb17c72c213b36ccd4f34,delivered,2018/3/9 17:31,2018/3/13 4:48,2018/3/13 16:54,2018/3/16 20:18,2018/4/11 0:00
0148d3df00cebda592d4e5f966e300cc,672510553bcfbf72de694db2cd88f046,canceled,2017/8/19 19:08,2017/8/19 19:24,0000-00-00 00:00:00,0000-00-00 00:00:00,2017/9/11 0:00
01490a4bdacbafe6de009b317a0c8bf6,f9dfd7942a2d7f1588b7638a9bdc8ff1,delivered,2018/6/12 13:46,2018/6/12 14:04,2018/6/13 16:28,2018/6/21 23:38,2018/7/12 0:00
0149c597dcc0963d7315f904495b631c,a9bb000979210a35541c29601f2dc03e,delivered,2018/4/26 0:35,2018/4/26 3:15,2018/4/26 12:55,2018/4/30 16:36,2018/5/11 0:00
014a0793ab3d930d6f3b206cee474af4,70bed66339acf5dfede1a7dce682a6c4,delivered,2018/6/24 22:49,2018/6/24 23:17,2018/6/25 6:39,2018/6/27 12:51,2018/8/2 0:00
014ac3cfd0e55bdc2cdd12aa181b00cb,b960facb09e55b91fd14efb587eb5bb3,delivered,2018/8/5 9:19,2018/8/5 9:30,2018/8/6 13:36,2018/8/13 21:58,2018/8/23 0:00
014bd8ca0827935402ac39f2751b2fcd,9fa56e6eb804eb7f8c2d80a133c84546,delivered,2018/5/9 12:47,2018/5/9 13:11,2018/5/11 13:44,2018/5/16 19:30,2018/5/28 0:00
014e36af18c280a94d880a16b2f00713,0523cd19f27a70bda29f2efb68a2db10,delivered,2017/11/1 18:14,2017/11/2 2:35,2017/11/3 19:14,2017/11/9 20:18,2017/11/23 0:00
014e78d1239f19fdcafd760d3e52f923,bd5dee4ca2945a0ecb54846178944df9,delivered,2018/1/26 10:45,2018/1/26 11:01,2018/1/29 21:33,2018/3/8 23:50,2018/2/26 0:00
014e7d12255fc66b5ea5e6c93eb4be7b,55ae57a8afd95ff914731cd2ff9bccab,delivered,2018/1/26 10:54,2018/1/26 11:31,2018/1/26 19:41,2018/2/16 18:48,2018/2/21 0:00
014f1e63f9bd4f5578edcf4e5c305a0a,956b98e4d6642bc3c6ceccea5aa488a9,delivered,2017/4/9 20:17,2017/4/9 20:30,2017/4/10 10:37,2017/4/17 9:59,2017/5/10 0:00
014fc889637133d9075190ba873dfc03,20296443465a67e0ac27c5a61f685453,delivered,2018/1/18 14:36,2018/1/18 14:55,2018/1/22 22:41,2018/1/24 17:13,2018/2/2 0:00
014ffbfe2df4c96a2b063d084583978f,ea1991a3341d703b3b5c4c97790b8b2b,delivered,2017/11/23 22:36,2017/11/23 22:48,2017/11/24 20:24,2017/12/7 20:38,2017/12/18 0:00
0150004d4d8eb63f9948de164da34e34,bca923b4bf0e608694abdc3e4f18c5b2,delivered,2018/5/15 15:13,2018/5/15 15:34,2018/5/15 14:58,2018/5/23 18:13,2018/6/7 0:00
01500f2503fa84279982d9d87750021a,084064d0e425f87b49643992a88c2b43,delivered,2017/9/9 20:02,2017/9/9 20:10,2017/9/11 19:52,2017/9/14 22:12,2017/9/27 0:00
015183dcb37f19e0456905fa5aac0b69,8148b073080f653d3a86ef8fc3dd6b43,delivered,2017/3/6 9:23,2017/3/6 9:35,2017/3/7 9:04,2017/3/9 13:14,2017/3/23 0:00
0152de20f6e09fb1133847df8babd490,cc427818670e1a876ce1a0c989d92f68,delivered,2018/8/7 22:42,2018/8/7 22:50,2018/8/8 16:00,2018/8/14 21:17,2018/8/16 0:00
0152f10d04554388634b75f079f069fc,f211421de204488bd0f9beaeba60f04f,delivered,2017/9/17 9:58,2017/9/17 10:10,2017/9/18 19:47,2017/9/22 21:25,2017/10/4 0:00
015975a1ff4fdab8ae6f42eaaffd39fb,5f3f5e9d45914b3cecccafe39f3f3028,delivered,2018/1/9 20:58,2018/1/10 10:32,2018/1/15 16:42,2018/2/2 18:51,2018/2/20 0:00
0159b449009b3f8748ed7c56e9d84afe,fb7e9a0264b2987537473967c3518c95,delivered,2017/12/26 13:38,2017/12/26 13:49,2017/12/27 17:08,2017/12/28 12:42,2018/1/17 0:00
0159c6355a4e32f6ac68d838e2228150,bf0176bae5facd261148fb881ccb8cc6,delivered,2018/6/15 13:41,2018/6/15 14:03,2018/6/18 12:06,2018/6/19 23:21,2018/7/3 0:00
015a7c64361928a0782ec0e705174b6d,c9eba034ee5ffca9771a1a60f603c827,delivered,2018/6/17 19:54,2018/6/19 3:57,2018/6/19 11:11,2018/6/29 11:19,2018/7/20 0:00
015dd4d6681d1d15c0afebef64a0a092,9092217b4f4aa4cd1dcf5f196ccfd617,delivered,2017/11/7 21:29,2017/11/7 21:52,2017/11/8 21:24,2017/11/9 18:12,2017/11/21 0:00
015e051dbb2407d4bd305635e46b732f,60f9c5ec01881784ca846e12c16aefce,delivered,2018/7/30 19:05,2018/7/30 20:00,2018/7/31 10:02,2018/8/6 19:58,2018/8/15 0:00
015e6682b50c824bfdab6b866f937936,f6188d661010819b1eac0c417e0c4cdf,delivered,2018/1/23 16:03,2018/1/25 2:38,2018/1/26 18:32,2018/2/3 17:19,2018/2/7 0:00
015ed18d7ea7ca5c14f3c1decc55daf1,4eca2e495967922f24cbc0600040e006,delivered,2018/5/24 12:31,2018/5/24 12:59,2018/5/25 10:33,2018/5/28 12:17,2018/6/11 0:00
015f079801c424fda3edc48be99267de,e9887a9874d592a5904dc3b85187ec42,delivered,2017/4/6 21:55,2017/4/6 22:10,2017/4/7 13:47,2017/4/20 13:59,2017/5/12 0:00
015fb6b5f739788434fa690540f90f19,eca9b206f2a9e4693bf0840895434e2c,invoiced,2017/1/31 13:06,2017/2/2 2:41,0000-00-00 00:00:00,0000-00-00 00:00:00,2017/3/9 0:00
01614e3e58906ab6c7e2f27e9b349f1a,ca46dc49c3ab226c9a46d8a55be0f0f9,delivered,2017/10/2 20:49,2017/10/4 3:03,2017/10/4 19:16,2017/10/6 20:43,2017/10/18 0:00
0161962c6c561d3acfaa3e2db9a14f96,c49df845f9640195cb98d104bd8e859d,delivered,2017/9/12 13:29,2017/9/12 13:50,2017/9/13 18:33,2017/9/20 17:14,2017/10/2 0:00
01625f404436eb3cb98cba1e9433db29,cfad256eb02ee52ebd2a75e6a3095cca,delivered,2017/6/8 8:52,2017/6/9 2:30,2017/6/9 12:43,2017/6/19 18:09,2017/7/20 0:00
01633cfec0376ac9f2606e271ede5574,7511d7ebaabaa2f1e5b75763fac193c9,delivered,2017/2/23 12:10,2017/2/24 2:45,2017/3/1 16:14,2017/3/16 10:24,2017/4/5 0:00
01643942766bdec224d5593041f714e6,35b6010ad8b185e27365ae8366cbb76d,delivered,2017/8/5 0:17,2017/8/5 0:30,2017/8/8 21:57,2017/8/22 19:04,2017/8/31 0:00
016495aaab3fb481dc9decab2b4fdbfb,bd1b4c23a6f9365b44d99b2c7905cea2,delivered,2017/11/19 17:51,2017/11/21 3:48,2017/11/21 17:11,2017/11/22 17:52,2017/12/1 0:00
01667048de265bad400b945f29b52526,de803ca99877b56ce0d121b7e2d57bc5,delivered,2017/7/1 12:25,2017/7/1 12:35,2017/7/3 15:56,2017/7/17 18:12,2017/7/25 0:00
0166ae6ff6d450bbac3eb4ed2885c0f8,a3347136bb1bbf91baf78c0972e1f3ea,delivered,2018/6/21 13:30,2018/6/21 14:00,2018/6/22 11:34,2018/6/23 13:46,2018/7/11 0:00
0166cc8756d58b4a30fb49de83527120,19e9dac43eee8df98092482fdce676da,canceled,2018/2/8 21:09,2018/2/8 21:27,2018/2/9 23:12,0000-00-00 00:00:00,2018/2/22 0:00
016706d732e79b49035275c048edb2c4,d92a41fae88c9a36d012a5fa35c51b09,unavailable,2017/10/13 9:15,2017/10/13 9:28,0000-00-00 00:00:00,0000-00-00 00:00:00,2017/11/6 0:00
016726239765c18f66826453f39c64e3,6204061101097bad0b25b3c4fce9ee8d,delivered,2017/6/14 9:16,2017/6/14 9:25,2017/6/14 13:53,2017/6/16 10:11,2017/6/30 0:00
016754282c7690ebd6658f9f8e0a49bb,2d5ef00df7f7b3574cee1033e6ec53cf,delivered,2017/6/6 12:35,2017/6/6 13:30,2017/6/7 12:40,2017/6/8 10:04,2017/6/21 0:00
01677846a819fff5fc22d43d61e58367,d83f1643bc89dfc8516c6c2a11f46258,delivered,2018/5/3 10:12,2018/5/3 10:57,2018/5/4 15:25,2018/5/10 0:36,2018/6/6 0:00
0167c361757c75999575cfdd8f8695f5,fa16d4938e075cecd40c099fa81c6003,delivered,2018/3/15 11:46,2018/3/16 3:45,2018/3/16 19:38,2018/4/10 10:39,2018/4/18 0:00
0168a7f186c1f066748d15d8c51f489a,ace839d3162a61fdbd51b08fc3e60a39,delivered,2017/5/13 18:14,2017/5/16 3:25,2017/5/17 11:51,2017/5/18 10:18,2017/5/24 0:00
01699d74ff89d35f15093f83d7783c39,5c52e49d63df1645b3e2340ea8c29a9a,delivered,2018/4/18 16:37,2018/4/18 16:55,2018/4/23 18:00,2018/5/5 15:02,2018/5/11 0:00
016a6dbc80aea6e2d217d2bedbc7b59e,72d62fcd5850d8daa156a6a514da4ea9,delivered,2017/4/13 1:39,2017/4/13 1:50,2017/4/13 15:48,2017/4/19 14:05,2017/5/5 0:00
016a938f2b34aa5ef05027fc83f5b81b,ba7cb70dd18aadd6f7f72c60d08df953,delivered,2018/1/23 21:47,2018/1/23 21:59,2018/1/24 18:09,2018/1/30 14:28,2018/2/16 0:00
016b1af508245e59ef75d83e3fe20a92,aa57e2dd7b09a0f2cecef92f4d99395a,delivered,2017/4/6 17:19,2017/4/8 2:43,2017/4/10 16:33,2017/4/19 13:26,2017/5/2 0:00
016b451bbcd4f0766dcbeb082cfe89db,24b3827e65cf09e06d6510524822749c,delivered,2018/1/9 11:25,2018/1/9 11:32,2018/1/11 22:34,2018/1/19 22:47,2018/1/26 0:00
016befe103ce7c9e5b1b7ef359777eea,15f3f60c0575a9f2a7d5434f7b8a7692,delivered,2017/9/3 10:11,2017/9/3 10:25,2017/9/4 15:21,2017/9/11 14:36,2017/9/21 0:00
016c6bb57a9de6b4e8f938fa6dde61b3,f1d4911942d2bc40d520ae47013a7643,delivered,2017/11/27 9:27,2017/11/27 9:38,2017/11/28 23:58,2017/12/5 21:06,2017/12/28 0:00
016d1bdf6efab4f6b805df1c03043113,32ea572ef909ce200bf5097211d79d22,delivered,2017/10/4 20:26,2017/10/4 20:35,2017/10/5 19:50,2017/12/1 18:49,2017/10/31 0:00
016dee69b3de35a39bfccee5309307c3,c508ad14bc3cde5d1e0bfca7ebdb77cd,delivered,2017/1/14 16:35,2017/1/14 16:50,2017/1/19 16:33,2017/1/26 15:43,2017/2/28 0:00
016e4acfc34b9f2abc69795f47c92f0e,ab53dab22635ae74adb0baa0689afcc0,delivered,2017/9/15 13:53,2017/9/15 14:10,2017/9/15 20:02,2017/9/18 21:40,2017/9/27 0:00
016f868b096c236312e8bcb818ccd11d,1dd56893d8735089534b232e039b831c,delivered,2018/1/27 19:24,2018/1/27 19:33,2018/1/29 17:51,2018/2/1 21:50,2018/2/14 0:00
016fbc333d66b414be541c6159576c40,83fc79bfef5a8fb84c5d77f3748e0064,delivered,2018/5/30 18:09,2018/5/30 18:30,2018/6/1 14:58,2018/6/11 21:28,2018/7/24 0:00
016ff85737c2072ab00a705cd8f87799,590db569569a4a1b3074694f522309fc,delivered,2018/1/2 11:12,2018/1/2 11:19,2018/1/4 14:55,2018/1/10 18:53,2018/1/30 0:00
0170e40334131d971605ae70efb33e4f,c0c87e50917bad186dc13135c1820d25,delivered,2018/7/18 7:17,2018/7/19 4:35,2018/7/19 11:02,2018/7/27 17:02,2018/8/10 0:00
0170fdd7ac7c7bbad5308207bd25a679,116e210883e0ea55bea66b38c5d71ede,delivered,2017/7/4 17:46,2017/7/5 17:40,2017/7/7 16:02,2017/7/10 17:55,2017/7/17 0:00
0171835bbc71bcfacc26e9f59d56b62c,4ab60901050d2b4b877596c2edc24a6e,delivered,2017/6/24 10:52,2017/6/24 11:08,2017/6/26 14:56,2017/7/3 16:42,2017/7/18 0:00
01719300f9ca182b8361556a3873d8ed,5f7a7e33fde7fdd09dac4e27902f7868,delivered,2017/8/28 10:15,2017/8/29 4:30,2017/8/29 14:36,2017/9/4 20:39,2017/9/21 0:00
0171ca1dc94d8ebde8bbd3b686f44c41,acda4e3bd86587774d6a17b8e8d7e47b,delivered,2018/4/27 19:50,2018/4/27 20:10,2018/5/4 14:02,2018/5/12 12:37,2018/5/22 0:00
01721e0729fcb75ab238248fdbb48eeb,db14d5544e26caec33796e6d85486585,delivered,2018/3/19 13:31,2018/3/19 13:50,2018/3/21 19:04,2018/4/9 14:48,2018/4/12 0:00
01725657be56c432d5aaa2f914ae2c56,d21e2497e6b83b755f5e6f4c8d159ed8,delivered,2017/10/17 8:52,2017/10/17 9:07,2017/10/18 10:40,2017/10/24 20:23,2017/11/8 0:00
0173932ad60ecb31c620fc523d9f40bd,7a24e4852c5145e3def732c1bf6da68f,delivered,2017/10/17 15:25,2017/10/17 15:35,2017/10/18 18:58,2017/10/25 18:53,2017/11/8 0:00
0173e291db71c3e688829f7f03e2d34a,b909a43dbe785f180ae31c4d0e79cd28,delivered,2017/7/7 0:29,2017/7/7 2:05,2017/7/11 18:18,2017/7/15 13:23,2017/8/4 0:00
017499de14d22ef9e9a83ca54727480e,a947822e31f502d0f6297cdee1448a73,delivered,2017/7/11 15:58,2017/7/11 16:15,2017/7/17 14:48,2017/7/19 19:26,2017/8/9 0:00
0176a6846bcb3b0d3aa3116a9a768597,aaad67429ea7d339bdf5f71ae3ef74f6,delivered,2017/12/25 10:40,2017/12/27 4:32,2017/12/28 19:57,2017/12/29 21:22,2018/1/15 0:00
0176d7e16d1bd14cde42d9d3a24e525b,65d964c098f8db89e1a8a07af1e96d21,delivered,2017/8/15 20:57,2017/8/15 22:55,2017/8/17 16:25,2017/8/24 18:24,2017/9/6 0:00
0176e50f3853fa068127afa3daff6402,20899a98f69e29ac34d852719a64f431,delivered,2017/12/14 16:45,2017/12/14 16:54,2017/12/15 17:31,2017/12/29 15:53,2018/1/19 0:00
01786fff06f2f7e8a83950c4b3b424ea,574e00dba47edb0c55e3b7e795eb8104,delivered,2017/12/16 12:04,2017/12/16 12:14,2017/12/18 15:49,2017/12/29 22:44,2018/1/5 0:00
01787af385123b93ba50c5f05530ee12,ca5fc68d665a2ce5392fccbde3475f72,delivered,2018/5/15 17:33,2018/5/15 17:54,2018/5/16 9:25,2018/5/17 14:24,2018/5/29 0:00
0178ff2480e2e8fb84d456dd3dc3d777,9658c223ca600a39c7c52d7087d0a598,delivered,2018/3/25 13:48,2018/3/27 4:08,2018/3/27 19:18,2018/3/28 20:14,2018/4/6 0:00
0179a3003c894f1dd3b1ddda5d1f8a12,982d36c785912f44bd0f87ac7d8a7073,delivered,2017/5/23 16:23,2017/5/25 2:50,2017/5/26 16:12,2017/6/7 13:38,2017/6/19 0:00
017b11be3048fdfb58e63edc5fc8f4b8,1c34888248845ed3c9607a2652adad9c,delivered,2018/6/14 23:39,2018/6/14 23:58,2018/6/15 13:35,2018/6/25 19:51,2018/7/11 0:00
017b1d6881222283afdc50baf3dcb0d5,9f72cabf8e5ebc5743665846b05617a5,delivered,2018/3/6 22:33,2018/3/8 2:10,2018/3/8 22:12,2018/3/23 19:48,2018/3/23 0:00
017b84f6bee0e4287eb8a8c9f5df549e,931f171166895ae304d6e982ee54d197,delivered,2018/2/14 0:50,2018/2/14 1:07,2018/2/15 0:17,2018/3/7 0:12,2018/3/16 0:00
017c16deefc1868a33a5966485ea4721,e7e0438494f6fd05d28210e8c6bd02a6,delivered,2017/11/18 20:23,2017/11/18 20:46,2017/11/22 17:38,2017/12/1 22:26,2017/12/19 0:00
017c9c82265e832840e4209750680e94,1ff23faa252154298c3e52a1e36c1cda,shipped,2018/3/5 18:13,2018/3/5 19:00,2018/3/8 1:26,0000-00-00 00:00:00,2018/3/26 0:00
017cf0b342401318dcaeb25478e13a6f,131227776a8b159a13938a0abfa95c5f,delivered,2017/12/30 2:09,2018/1/4 23:17,2018/1/9 23:16,2018/1/13 17:04,2018/2/1 0:00
017dcb6892d4469a13dee34f241f8c4e,a29627c042ea26f7340db61ff04fbfc5,delivered,2017/11/12 20:17,2017/11/12 20:35,2017/11/14 16:35,2017/11/22 17:33,2017/11/27 0:00
0180ebc47853bfc5997af28f5a7e8849,e82aa49c904185344fbfbbe025433ba5,delivered,2017/3/16 16:29,2017/3/16 16:29,2017/3/21 10:28,2017/3/28 15:05,2017/4/4 0:00
0181409c6498f79e161dde79c2a7dc59,55e0503dded8ecd07b56fd84bf06a342,delivered,2018/8/1 15:05,2018/8/1 15:40,2018/8/3 13:24,2018/8/9 20:03,2018/8/14 0:00
01825d0debce07b6502f4aff38a00e69,8d4ed4f811a7873a31183d7d7db8f470,delivered,2018/7/11 10:46,2018/7/11 11:08,2018/7/13 15:05,2018/7/25 11:41,2018/8/3 0:00
0182f6cbb4fb10918a76485fc92d7c49,16c11c76b58be7de894336de67d21260,delivered,2017/11/25 0:40,2017/11/28 3:33,2017/12/4 20:58,2017/12/12 20:09,2017/12/19 0:00
01835ef41c5ac66dd9ec6084fa1d0533,6a4ea2081853cd8dd8d7c69cdf86925a,delivered,2017/5/11 21:36,2017/5/11 21:45,2017/5/16 8:54,2017/5/23 22:13,2017/6/1 0:00
0184d4ddb259e1a4cfc2871888cf97b8,09425ea1839abf2f0d289a0ff453fa21,delivered,2017/9/1 20:04,2017/9/13 22:17,2017/9/4 14:05,2017/9/9 15:12,2017/9/20 0:00
01855f880aae9a984c7c33b26fcf2e02,2e068340b3037f667ce3224bd59260af,delivered,2017/10/19 15:08,2017/10/19 15:35,2017/10/23 13:14,2017/10/24 15:57,2017/10/31 0:00
018778568fad26695334c784563c08d4,223961a1714e148c0c249487eeac351c,delivered,2017/10/15 13:21,2017/10/15 13:35,2017/10/16 19:07,2017/10/24 19:33,2017/11/3 0:00
01882618ede11253381513166b49429e,8f7ecb4570dccd8aeb216db7823da1de,delivered,2018/6/24 10:53,2018/6/24 11:58,2018/6/26 9:03,2018/6/29 14:16,2018/7/23 0:00
0188777fe321843a18be24a6e9aa1e53,dc573d2a61a467e5e2826c1729691859,delivered,2017/7/23 16:13,2017/7/25 14:35,2017/7/27 18:45,2017/7/28 16:18,2017/8/8 0:00
0188ca1fe398161f0f310fec985ac155,c2b33cff8fe4c4d8eb300547e5e5208e,delivered,2018/6/28 10:56,2018/6/30 2:52,2018/7/3 11:06,2018/7/6 20:58,2018/7/19 0:00
018bb1508d9156b81990407b91fb35a8,ab65db409c590bb188616224a7e76cf7,delivered,2018/8/15 21:27,2018/8/15 21:44,2018/8/21 15:50,2018/8/24 21:44,2018/8/30 0:00
018cb6a10649393055c272ba2984e8bb,169c3ca987a830baef97320592292dae,delivered,2018/4/3 18:28,2018/4/3 18:49,2018/4/4 19:12,2018/4/25 17:42,2018/4/30 0:00
018fb228a3dd1a16349e73d2e41b239d,e2a629c7ccabea34df0cb4954f6c08db,delivered,2018/1/13 15:59,2018/1/13 16:09,2018/1/17 12:14,2018/1/26 13:22,2018/2/19 0:00
01908071e35fdc75bc0d7764f153abc2,e30bdf332b6c38f5f22d50dec12282cb,delivered,2017/10/25 20:49,2017/10/27 2:55,2017/11/8 23:03,2017/11/13 20:19,2017/11/27 0:00
0190e75feb05f78ccb1b56853ca4f6cb,adb3c4b6fa67bf11d5ca618f5cbd044e,delivered,2017/11/24 20:14,2017/11/24 23:33,2017/11/27 19:38,2017/12/5 20:35,2017/12/26 0:00
0191b6a5a70bcbc6cdd39427f216602e,3f62271cc144183c56e7db438c8cba08,delivered,2018/8/22 9:40,2018/8/22 9:55,2018/8/22 16:04,2018/8/27 18:17,2018/9/13 0:00
0191bbb5166d4b9a68df11797d5acfa9,62b59a64eb786a96516229b7f3612c72,delivered,2017/8/10 12:17,2017/8/10 12:30,2017/8/15 19:26,2017/8/24 18:15,2017/9/8 0:00
0191ee5deb2474bc1f4189fa709289b2,427193866d6c04a3fb307afdc2731b6e,delivered,2018/6/16 12:55,2018/6/18 12:37,2018/6/18 16:57,2018/6/26 21:21,2018/7/19 0:00
0193517cd10a54473b6fd8392b58313f,d5e5a632fc74499ef08cc40be28c8202,delivered,2018/6/15 20:02,2018/6/15 20:21,2018/6/18 15:18,2018/6/29 17:18,2018/7/20 0:00
0193a99edc8c599aaa16f9b9e991efb8,27b04e3afd2217cfac1020a7da0cfc25,delivered,2018/7/29 7:27,2018/7/29 7:35,2018/7/30 15:11,2018/8/1 22:32,2018/8/13 0:00
019440e41e276668d99d996d5d1a22c1,477d0086341df0308127cef59628e7be,delivered,2018/6/12 23:05,2018/6/14 2:38,2018/6/14 15:23,2018/6/19 22:21,2018/7/11 0:00
0194686a55eb0a869321fb107f4d114a,b577ba81b673d2fad6f974650f3dbb5a,delivered,2018/5/22 15:15,2018/5/23 2:15,2018/5/23 15:27,2018/6/4 19:05,2018/6/8 0:00
01946da9e2db8bab61d79296c037ee1f,14532f1320645821a6da04e049dc6b53,delivered,2018/1/6 17:48,2018/1/6 18:06,2018/1/8 17:42,2018/1/25 19:41,2018/2/6 0:00
019536ad39a0dea8bb75c00359a0386b,958b47e797d9db0979238d3b7fc08b9b,delivered,2017/9/1 22:51,2017/9/2 16:10,2017/9/4 17:39,2017/9/26 21:14,2017/10/4 0:00
019543c0de8386be97738b589ee695aa,ee78e2394f33a3bf7e81e1ba6192863e,delivered,2018/5/27 17:10,2018/5/27 17:34,2018/5/28 14:30,2018/5/29 19:27,2018/6/20 0:00
019636907d07b2433be000d9d6bed153,2653ffa2adf76d9827e1458918c125ef,delivered,2017/11/16 15:55,2017/11/16 16:08,2017/11/17 21:41,2017/11/23 23:38,2017/12/5 0:00
0197416059c0e56b5344bf2188066317,bc0a84ea7543ac13807feccb5bfccf4b,canceled,2018/7/26 17:20,2018/7/26 17:30,0000-00-00 00:00:00,0000-00-00 00:00:00,2018/8/23 0:00
01978b8bae8292ffb4cee6abdf9b9089,a93aa8521621d68fc2a9bef496f701bb,delivered,2017/12/8 11:29,2017/12/12 3:57,2017/12/12 16:45,2018/1/3 18:47,2018/1/9 0:00
0197cb265e2c84b9f89dfd784095d2f6,3971ac136496b4368c1431bb5bce0929,delivered,2017/12/21 20:55,2017/12/23 2:12,2017/12/26 19:08,2017/12/28 16:37,2018/1/30 0:00
019886de8f385a39b75bedbb726fd4ef,8cf88d7ba142365ef2ca619ef06f9a0f,delivered,2018/2/10 12:52,2018/2/10 13:08,2018/2/14 15:28,2018/2/23 2:03,2018/3/14 0:00
01988bf5b8acbc4d6ced86e4d47fcb1a,32414a38e12950c3121fec300b889ee4,delivered,2018/1/2 22:04,2018/1/2 22:14,2018/1/10 18:09,2018/1/22 22:05,2018/2/2 0:00
0198c71148c2e08c7c52b860f640fa4e,2938121a40a20953c43caa8c98787fcb,delivered,2018/5/8 6:34,2018/5/9 4:31,2018/5/10 18:12,2018/5/18 18:49,2018/5/29 0:00
0198e0de42189b3941d46857a87fac91,bc057e26a901167220c6e4a0b0c3ec5d,delivered,2017/11/4 12:33,2017/11/6 11:31,2017/11/7 19:32,2017/11/8 16:22,2017/11/23 0:00
0199115a1cbfc272c5bd53117772a64a,926c8544055f08fcf4a065407ebbba95,delivered,2018/3/22 17:07,2018/3/23 2:27,2018/3/27 18:06,2018/3/28 19:31,2018/4/4 0:00
0199edc5b01351df8e73a674aa473ee7,669fa2dbff38c196161e330c91842143,delivered,2018/3/26 19:33,2018/3/27 4:10,2018/3/27 23:43,2018/4/3 19:38,2018/4/12 0:00
019a242bea1553b3b7e12bc38cb57a23,ff70b0c5553479bb9130858713a7e05b,delivered,2017/10/29 9:06,2017/10/31 4:06,2017/10/31 16:49,2017/11/13 18:47,2017/11/22 0:00
019aaee09698daf81dcffe9d94a18b5c,e3893e579755de4feb1a4d0313c103fa,delivered,2017/8/10 14:04,2017/8/10 14:23,2017/8/11 13:52,2017/8/12 11:56,2017/8/23 0:00
019b02e139cfcd97f93366f7a38f5695,82a6cf90eef165080973fec6d6dc8910,delivered,2017/4/2 16:50,2017/4/2 17:02,2017/4/4 15:03,2017/4/7 22:46,2017/4/24 0:00
019b8e16e30c8b9ad9bf87e039a27765,fe9cb076acaffbee858187352e2f7266,delivered,2017/7/25 20:10,2017/7/25 20:23,2017/7/28 18:08,2017/8/4 17:42,2017/8/16 0:00
019bdbaef5b5121c9b1811976aa510a5,7f340a499d079212d76e5a57f5d42389,delivered,2018/5/8 11:08,2018/5/10 3:36,2018/5/10 14:40,2018/5/18 20:30,2018/6/1 0:00
019c4b64cf3d733807ef5bc8bcf6d123,48d85e07af2e0cf0dac271b518829138,delivered,2017/10/16 14:05,2017/10/16 14:27,2017/10/17 18:55,2017/10/23 20:50,2017/11/3 0:00
019ccfeea1ea9afbebdad57d65f2e36f,7b46de2ef0b70225f5ead1ebcb2954ac,delivered,2017/11/27 15:31,2017/11/27 15:58,2017/11/30 20:56,2017/12/7 21:12,2017/12/20 0:00
019d029f0b101343d44017d249b1f64f,7c71e90638cc8c6940af7e83d490cfeb,delivered,2018/6/11 21:55,2018/6/11 22:19,2018/6/13 8:06,2018/7/4 14:41,2018/7/12 0:00
019d444bd00f1ccb4643de466f9a1525,44f5f5476eb92ebc9c4ab70c8b1bf189,delivered,2018/3/26 21:51,2018/3/26 22:07,2018/3/29 20:56,2018/5/11 17:36,2018/4/18 0:00
019d79b37e56c6d56d6323fed0c54d70,bf02d2d8cd0525d8849563e2a03b95da,delivered,2017/5/21 14:17,2017/5/21 14:30,2017/5/23 11:55,2017/6/6 9:52,2017/6/20 0:00
019e03014ec20cc2e3b180cdcf90b4e8,81375382bb64d7f7ba43b0bad8c033bd,delivered,2017/4/4 11:26,2017/4/5 11:22,2017/4/6 13:21,2017/5/18 12:55,2017/5/8 0:00
019edbdfeb6923e55558362c2b84ec37,2ec93611c4a36c30917dcc0ba589d5d9,delivered,2018/4/1 7:31,2018/4/3 5:28,2018/4/4 18:04,2018/4/5 18:58,2018/4/13 0:00
01a0013ddc7cd129e350e8671b56a263,800631fef0a782c3a8efe7d8071df64a,delivered,2017/3/23 19:47,2017/3/23 20:02,2017/3/24 18:42,2017/4/12 10:33,2017/4/25 0:00
01a1553cddb473cec004af5ce2192f1c,d0f1e9e852ef9b1099b6dd3c25027d55,delivered,2018/7/20 9:55,2018/7/21 3:23,2018/8/2 8:13,2018/8/8 21:32,2018/8/23 0:00
01a15ee6a1b9050e7678b72cb4c3b486,03a7750fc7a7bfbd7a84b2f4f26b92f1,delivered,2018/6/17 15:15,2018/6/17 15:40,2018/6/18 15:12,2018/6/25 23:55,2018/7/19 0:00
01a1969ee54e7016bcc0cfeb4fa8c634,b9b38aee92229fb6ba88fbec878f1743,delivered,2018/4/12 20:32,2018/4/12 20:49,2018/4/24 2:19,2018/5/4 19:06,2018/5/21 0:00
01a26a995dcef1d58bdee5b8862c7a02,4f36ee71cd2eb2ba9c1eb02b36baa34b,delivered,2017/9/15 20:36,2017/9/16 12:05,2017/9/19 19:02,2017/9/27 10:44,2017/10/3 0:00
01a3ee1c837fb57db23d898f0eb5111d,a07376bae88bd48df71a590d7191739c,delivered,2018/1/23 12:35,2018/1/23 13:01,2018/1/24 18:22,2018/1/29 18:19,2018/2/7 0:00
01a49649881d677e0c901ca0f6564382,07acb3c7b1fc507ae53e2e611d2b42a0,delivered,2018/5/16 10:57,2018/5/17 2:55,2018/5/24 13:47,2018/5/25 18:38,2018/6/14 0:00
01a4ec962d7589584c11650ca20d728b,430ae219c180fc664c3981c91fd7f70e,delivered,2017/5/19 17:40,2017/5/19 17:50,2017/5/22 13:39,2017/5/25 11:18,2017/6/12 0:00
01a6ad782455876aa89081449d49c452,71accffbcbdf8e02f67a469f65cdbf73,delivered,2018/1/18 10:07,2018/1/18 10:17,2018/1/22 22:37,2018/2/1 21:02,2018/2/20 0:00
01a75ac3dd000b7628a684be97c29234,57ee2ef64f17a5f9a4bf30489b06326c,delivered,2018/1/23 10:32,2018/1/23 10:59,2018/1/26 19:12,2018/2/7 14:59,2018/2/21 0:00
01a921eb5bf5df0c2990e62563ceca49,e91aaba52c45b2044c6dc4319af54a5c,delivered,2017/11/26 20:51,2017/11/26 21:13,2017/12/1 23:41,2017/12/11 18:13,2017/12/12 0:00
01a9d731c0f08f4f79c10b7679dcdebf,295c9951f74b6afccdda7ae478526cfb,delivered,2018/8/5 18:27,2018/8/5 18:44,2018/8/13 11:53,2018/8/17 16:18,2018/8/22 0:00
01aa38b66d95377a4f276f78742aca15,3e92daf13094e2b667e2f2c38a4ce969,delivered,2018/3/1 13:16,2018/3/1 13:30,2018/3/2 16:57,2018/3/3 15:48,2018/3/13 0:00
01ac6cbac1cda667c97d35046b75668f,8582a3cb2e9951c3ddc27ca072a259fc,delivered,2017/9/14 18:37,2017/9/14 18:50,2017/9/15 23:13,2017/9/18 14:09,2017/9/26 0:00
01ad4f241a16bff724de081b558f0f4d,64189e336678007d8130fcd712d4a2b0,delivered,2017/2/9 18:47,2017/2/9 19:03,2017/2/17 11:56,2017/2/24 12:38,2017/3/24 0:00
01ae5e4c5d2549f7c05000a2f5856c28,9951d99835f50c491d724e5be22150e3,delivered,2017/11/5 15:01,2017/11/5 15:15,2017/11/8 19:52,2017/11/16 15:28,2017/11/24 0:00
01ae629e578b0eb0935ea1ce19c409f1,d299e0e07e35f5c6fd348ed83551a272,delivered,2018/7/19 7:43,2018/7/19 7:55,2018/7/19 12:45,2018/7/27 16:51,2018/8/10 0:00
01af7745a283aeb0f0754495c4b51ac7,200b152d4fcc6b4fba34c286b4c83a17,delivered,2018/2/28 13:28,2018/3/1 11:14,2018/3/2 22:07,2018/3/15 18:56,2018/3/21 0:00
01b02139ac5f79a5de2c56284af7bb3e,58ee8c095bfa7fab72d5ab65d411c975,delivered,2018/4/24 18:27,2018/4/26 4:15,2018/4/27 17:48,2018/5/2 13:44,2018/5/10 0:00
01b06b4d63c340902dbe3d9f8b2fe821,bc4e77d40d57aaca04d0c5a52d452ccd,delivered,2018/6/8 11:42,2018/6/8 11:54,2018/6/9 9:24,2018/6/12 21:33,2018/6/26 0:00
01b15a896c5842077af2aaf4a9f94309,ecc61d0a88c7d1634a8e592121e14e8f,delivered,2018/3/23 15:51,2018/3/24 2:15,2018/3/29 17:34,2018/4/20 20:46,2018/4/12 0:00
01b1800f51715ab76f67caf732206437,456c1e01c8ed3b83aa8fc564119bc81a,delivered,2018/7/18 19:05,2018/7/18 19:23,2018/7/19 9:06,2018/7/27 19:26,2018/8/8 0:00
01b1a7fdae9ad1837d6ab861705a1fa5,a2da04a295c890e30103aeb5356163f0,delivered,2017/5/29 15:48,2017/5/29 16:02,2017/6/1 11:45,2017/6/7 14:07,2017/6/21 0:00
01b241fa1421c8284e8c1029a503360f,fd3aaca05dc7738e405ff6669a5bf7f0,delivered,2017/11/29 23:32,2017/11/30 0:25,2017/12/5 21:41,2018/1/15 16:18,2017/12/29 0:00
01b276e7af1d9e3ed34b431d39f45fa1,8e44b5b5a76df9682b27d50f5e98ca3b,delivered,2018/1/16 19:25,2018/1/16 19:37,2018/1/22 19:38,2018/2/1 15:11,2018/2/14 0:00
01b2dd042de98a15b6a9a141bf71c344,6b635dc10f8b7e1032cc13ff619f52c9,delivered,2018/3/11 17:17,2018/3/12 17:10,2018/3/13 23:26,2018/3/16 17:21,2018/3/28 0:00
01b330808c5819a6a3cb79b72f0b8288,c59e8ff99836e90d8b457d4122dc34e9,delivered,2018/3/12 15:22,2018/3/12 15:38,2018/3/13 16:07,2018/5/5 12:38,2018/4/4 0:00
01b37f50cf3098b3dd9d0450a188348c,d5161150c2e2a177eb4d49c4e2ab7990,delivered,2018/6/26 16:59,2018/6/28 2:15,2018/6/29 15:36,2018/7/4 17:16,2018/7/18 0:00
01b4a2ad3420c19a1c7c402513e7725c,29fe805fdb52514ef2b8cd76491d1bba,delivered,2018/1/9 8:52,2018/1/9 9:08,2018/1/9 16:15,2018/1/18 19:52,2018/2/5 0:00
01b4dfef1c8848e8c0431ce17f5f72ea,1ba23b73f82990c2de74ebf5a28838b8,delivered,2018/8/4 13:58,2018/8/4 14:10,2018/8/7 14:53,2018/8/16 18:38,2018/8/23 0:00
01b538a0b1a9eeecdfbc03223190e4bf,65c6da734e03f00a02315762773f9e5a,delivered,2018/3/1 22:34,2018/3/1 23:31,2018/3/2 18:34,2018/3/12 22:34,2018/3/20 0:00
01b6bbf0a9ac5d54dfebb11ddcd8fa8e,9318f7b29e978d7964af2bea8aecf18b,delivered,2017/6/25 22:18,2017/6/25 22:30,2017/6/27 12:57,2017/7/1 10:33,2017/7/14 0:00
01b6d15407d425529cbf0ec96258cb84,7ef73b34b0a8614d82a0756d9ca33f12,delivered,2018/3/12 21:47,2018/3/13 15:35,2018/3/14 18:27,2018/4/6 17:54,2018/3/28 0:00
01b703d8365608f2b01ed9c076d0b3dc,475eec32deae43c1479b18acc1f7781d,delivered,2018/1/5 17:14,2018/1/6 17:08,2018/1/8 22:06,2018/1/19 0:48,2018/2/1 0:00
01b84214591ddd4edad9fa4a1f344f84,828c30ae3a51aea1d168e88e6e735bf7,delivered,2018/1/3 19:12,2018/1/3 19:27,2018/1/4 16:36,2018/1/16 2:33,2018/2/1 0:00
01b94d6940365deb1eedb643ba43114a,53d7168d4cbc0acd88e9d17e2e18b47a,delivered,2017/11/8 16:06,2017/11/9 4:31,2017/11/9 20:54,2017/11/17 23:16,2017/11/29 0:00
01ba495d945c6a1c5b198bbad63e61c6,e8f23326e2c34831368372a3dbcf8ce3,delivered,2018/1/31 11:22,2018/1/31 14:01,2018/2/2 17:12,2018/2/16 17:02,2018/2/23 0:00
01ba72e24cf883d74c5479c0a626c740,edbaa972997d3e33faec1e1b6e0b7e43,delivered,2017/1/17 19:55,2017/1/18 2:10,2017/1/18 9:40,2017/1/25 13:52,2017/2/27 0:00
01ba82170ebb683c73793bb809bbf1b9,ca8e595c4c2e4a55fa75a41d5bf08382,delivered,2018/2/6 15:08,2018/2/6 16:11,2018/2/22 16:26,2018/2/23 19:58,2018/3/13 0:00
01ba9a2e5dcc1568b55695106d677b0c,0241bf6728f2c70f948e9a51484d1435,delivered,2017/2/26 22:28,2017/2/26 22:42,2017/3/2 13:37,2017/3/6 14:22,2017/3/20 0:00
01bae920aea13b891b50bc1543634a65,57a5790d63d19ab68c8eb882a24cff8e,delivered,2017/12/21 20:04,2017/12/21 20:14,2017/12/22 18:03,2017/12/26 20:09,2018/1/11 0:00
01bb52d7a8dffb8bef5b79268487cd10,28c250c622ecb0309adc441f549d9a0f,delivered,2017/6/6 12:54,2017/6/6 13:42,2017/6/7 11:51,2017/6/19 14:38,2017/6/30 0:00
01bb5b3cb7df4da98ea2214d083784c4,a3b369b287f0fb3acdbd673d88cc3076,delivered,2017/5/28 15:00,2017/5/30 4:50,2017/5/30 8:34,2017/6/13 13:04,2017/6/19 0:00
01bbf0fb0773cef52b4d6501e83162f3,56e023e21be211feb920b2e0eeb75c1d,delivered,2017/3/22 22:04,2017/3/22 22:04,2017/3/28 8:13,2017/4/10 11:37,2017/4/19 0:00
01bbfee76e5e3f96f008c781c2c17bcf,b26791f21e725f36e32d150c31e68c9b,delivered,2018/3/21 11:13,2018/3/21 11:27,2018/3/23 18:29,2018/3/29 16:13,2018/4/6 0:00
01bc343311e5b8090b64d6ab287a5cf0,3eef17cb7b0ffaf55b88ddfa3d793bfe,delivered,2018/2/22 14:30,2018/2/22 14:50,2018/2/23 18:27,2018/4/4 22:16,2018/3/22 0:00
01bdc09119b132e176e5c8f2cf68b0ac,9b5f0ef5de7b703b77e1131e68263de9,delivered,2018/8/16 15:59,2018/8/17 15:50,2018/8/20 14:06,2018/8/27 20:42,2018/9/12 0:00
01be2f7ca246adb9112cb75096af2ee0,9561fb5984d862e686beec844488550f,delivered,2018/2/12 17:47,2018/2/12 18:08,2018/2/16 1:54,2018/2/26 22:38,2018/3/6 0:00
01be661b8196707ef60f062632d6d1bd,e7232b4d5318177ea3ab911dfb920cbf,delivered,2017/5/17 10:26,2017/5/17 10:42,2017/5/17 15:00,2017/5/23 13:03,2017/6/7 0:00
01be6ff226324644f283dfab69369848,9efea31c85df91516b2874e4e0fd953f,delivered,2018/3/8 12:02,2018/3/8 12:15,2018/3/13 23:16,2018/3/28 20:48,2018/4/4 0:00
01c0514b1f2a7375948323b959cc5682,10e63f80462d8c370b091205b8f6d005,delivered,2017/7/25 20:38,2017/7/25 20:50,2017/7/27 14:17,2017/8/11 20:18,2017/8/28 0:00
01c139e11e826da7bf9782cf1ee904bf,d4e19535b2f75f549d799b3841795ce6,delivered,2017/3/5 19:25,2017/3/5 19:35,2017/3/8 11:39,2017/3/14 9:54,2017/3/27 0:00
01c156f67900e1f33d1234ce92cb18d9,3a8737f68201688c1513bf3fbdbcf631,delivered,2018/8/3 17:40,2018/8/3 17:50,2018/8/13 9:24,2018/8/17 13:21,2018/9/12 0:00
01c1644529b18608f086d2ff0f3b8181,3c90bb0fba16e889f898e2da1df5fb32,delivered,2018/6/23 9:55,2018/6/26 5:12,2018/6/26 14:25,2018/7/5 20:24,2018/8/1 0:00
01c18108db50c163daf7dfe461093fb7,cee3e95e0b9944bf7c7c6881c286564b,delivered,2017/6/22 17:53,2017/6/22 18:05,2017/7/3 14:36,2017/7/6 17:12,2017/7/18 0:00
01c1f3c10d2641a10cfd97ffaac0b3f5,fd8a9ce7e554b0a3b083521837d0f7c0,delivered,2017/11/28 22:08,2017/11/28 22:18,2017/12/5 23:22,2017/12/14 19:04,2017/12/29 0:00
01c22546c4f9914e232006df82d96e0f,2269aa9a9e0847496cf2a7c2d86ad59b,delivered,2017/9/9 16:45,2017/9/9 16:55,2017/9/12 15:55,2017/9/21 18:04,2017/9/28 0:00
01c26a0b2736899633cfd6a3c1749428,47bbec3546f4004399e1e60aac67315a,delivered,2017/4/8 18:39,2017/4/8 18:45,2017/4/11 15:23,2017/5/19 17:53,2017/5/2 0:00
01c2c8708930c4fb8ed278dfe7ec93c7,bd5367862812e14c7400da5cd1e1b135,delivered,2017/11/26 20:19,2017/11/26 20:33,2017/11/27 19:21,2017/11/30 23:29,2017/12/19 0:00
01c2d2ffe8349c5eef0ab33e8ff1f41c,d57dc4003cdf3d2229ca20d76b889075,delivered,2017/10/10 9:49,2017/10/10 10:06,2017/10/16 16:25,2017/11/7 14:43,2017/11/10 0:00
01c391e962558d0793e8dd8f6bad0999,54f4686e731120a05f1b88deebcfd894,delivered,2018/2/26 11:19,2018/2/26 11:35,2018/2/27 23:23,2018/3/14 14:02,2018/3/20 0:00
01c4766d43d50d892132f7bb04d97300,570f691879071b176cf72fd133287711,delivered,2018/3/22 23:11,2018/3/22 23:27,2018/3/26 20:31,2018/4/4 20:52,2018/4/19 0:00
01c4f4e08d9e8b7c5bd47e612285993f,51e4740dd528fe393562380ba49e41ec,delivered,2017/11/24 0:31,2017/11/25 4:30,2017/11/28 16:39,2017/12/4 22:36,2017/12/14 0:00
01c79ae32ef95b276907d99e83fe57e5,99e2b41b1cc2e2779110f22a874e0416,delivered,2017/5/24 20:08,2017/5/24 20:22,2017/5/25 9:27,2017/5/26 15:31,2017/6/13 0:00
01c7b08f0c05952ce15edb928bb63d2d,378b80aaccaaf259cfd1389b968e4bb2,delivered,2018/4/2 16:59,2018/4/2 17:10,2018/4/5 13:03,2018/4/18 18:56,2018/5/2 0:00
01c886b4b865797097ab2d051ae30cfd,c8eaa92fb78e29a73b98bb005e08a45e,delivered,2017/8/9 12:34,2017/8/10 3:32,2017/8/15 19:10,2017/8/24 20:53,2017/9/6 0:00
01c95de6d0852189b4d6b6d32a3c8e0c,12a9f04e1b2cad4b8f510168f31d5663,delivered,2017/8/3 23:13,2017/8/4 7:55,2017/8/7 12:52,2017/8/8 15:49,2017/8/16 0:00
01c998b70e420ec36563386a4b71c6bc,598f0ad85bfe5c15f18b219ad41a2167,delivered,2018/1/23 13:47,2018/1/23 13:57,2018/1/29 19:04,2018/2/14 22:51,2018/2/20 0:00
01cadf993df82ff0e318addbd022f0fe,25ed0dc24f7c50b87f638e5b368d06ca,delivered,2017/10/15 19:48,2017/10/15 20:20,2017/10/16 16:38,2017/10/23 18:38,2017/11/10 0:00
01cb6d702e5233235f4125309d184bf4,cf52d3f2132b17f52fdf4b40c135163e,unavailable,2017/1/31 17:48,2017/2/1 2:45,0000-00-00 00:00:00,0000-00-00 00:00:00,2017/3/10 0:00
01cbdb2a8c075eaf248af643b3389f73,7fbb5f4108715c74461dfab031ea62bc,delivered,2017/7/9 21:20,2017/7/9 21:30,2017/7/10 17:40,2017/8/24 23:18,2017/8/9 0:00
01cc355e35cf24d314afe6de16c38712,f0d95b3d8428cd02d2074a86f06b9519,delivered,2018/3/26 18:47,2018/3/28 2:47,2018/3/28 21:11,2018/4/11 0:46,2018/4/16 0:00
01cc71a8154340ae61126b5ee9b48fef,3cc3c3ea6a8bb392816f4c4bdf12c5a5,delivered,2018/6/6 21:06,2018/6/6 21:16,2018/6/8 12:09,2018/6/11 19:12,2018/7/3 0:00
01ccc64a2b38fdb87c25cb1944934670,f7b57537fa449131d8d98ec0f4e1d0ba,delivered,2017/8/12 11:22,2017/8/12 11:35,2017/8/14 21:19,2017/8/25 18:19,2017/9/21 0:00
01cce1175ac3c4a450e3a0f856d02734,6ec610172716519f13781b3068dde24b,delivered,2018/7/19 20:32,2018/7/19 20:43,2018/7/20 8:23,2018/7/21 16:27,2018/8/6 0:00
01ccfbb0ddf88340b6eed3f1370bcf0c,0b81ac66ced97049984bd7faa500cdda,delivered,2018/8/21 20:20,2018/8/22 20:15,2018/8/23 17:47,2018/8/31 2:12,2018/9/13 0:00
01cec5c50d2d0e069a3227efba9f16f7,df5942d345b799c2e2819e9ddb4fb0c0,delivered,2017/9/16 10:26,2017/9/16 11:03,2017/9/18 13:51,2017/9/26 16:56,2017/10/5 0:00
01cf88c5fb4298435526a5995720807a,a1f63365b87dc9cebf0baa24bc8c6b7e,delivered,2018/2/6 9:47,2018/2/6 10:11,2018/2/9 13:56,2018/2/14 20:49,2018/2/22 0:00
01d0aabab5da85da61bbd4d40882b82c,5aa74c879595083359ded75778c85a3b,delivered,2017/8/27 19:21,2017/8/27 19:31,2017/8/28 17:52,2017/9/13 18:33,2017/9/15 0:00
01d0cbd002be92b5a970cb8f233349c2,034c3cb26461c58520139e4efb33ed90,delivered,2017/7/21 14:33,2017/7/21 14:50,2017/7/25 14:33,2017/8/11 19:22,2017/8/18 0:00
01d0f6cd01d79574621a56a1b9e21019,c8939d8acaceeebf85790ff318c89d03,delivered,2017/9/23 19:26,2017/9/23 19:35,2017/9/27 22:04,2017/10/2 20:47,2017/10/19 0:00
01d13850e74efca9a86fe812940de070,efc248b5fcc421d31a203cf79d92ecc2,delivered,2018/4/12 11:38,2018/4/13 13:14,2018/4/16 17:12,2018/4/20 1:24,2018/5/3 0:00
01d1bb79f3dee77d8a6809aff0025590,211c5e59e4228e0ea780f1ab02f3029b,delivered,2018/8/15 23:28,2018/8/15 23:43,2018/8/16 14:31,2018/8/21 10:52,2018/8/28 0:00
01d2fc3e47376926a97ae795036db093,c29335a8f8c366e3b1b384dbef4e909e,delivered,2018/6/27 21:20,2018/6/29 2:53,2018/7/4 15:12,2018/7/11 16:51,2018/7/17 0:00
01d3d4cb8c553d507dfd26fbd8b41e95,814dfd64a142fe2564faef3932b676b9,delivered,2017/10/29 14:52,2017/10/29 15:10,2017/11/10 0:22,2017/11/16 16:34,2017/11/29 0:00
01d48ed99667ce49eaeaa7980a31b987,2e704319d4930866cfa99a7508fe0351,delivered,2018/3/8 9:31,2018/3/8 9:48,2018/3/9 0:10,2018/4/10 23:11,2018/3/27 0:00
01d5897e2c8a23b37ec65e0e72fbe956,f36f2bd8be3b6c261d6390939cb24620,delivered,2018/4/6 11:45,2018/4/6 11:55,2018/4/10 21:21,2018/4/11 21:46,2018/4/24 0:00
01d601c4d70f016f1e32ee8e82d6d4c9,cd6bb6cb42e1fb7ad795a83702d6a27c,delivered,2017/5/13 1:16,2017/5/13 1:30,2017/5/15 9:37,2017/5/26 15:16,2017/6/6 0:00
01d72d42aaedb3736840132071d51100,7f19d565d956cc2fe3f01a860e841ae4,delivered,2018/3/20 12:44,2018/3/20 12:56,2018/3/22 21:13,2018/4/5 18:12,2018/4/12 0:00
01d80471e02a3ba49c8e1d0abc2c1a64,3106fe6ef3e7aa3053de377e22826161,delivered,2017/5/3 19:35,2017/5/8 23:32,2017/5/8 15:45,2017/5/16 13:11,2017/6/2 0:00
01d815029787ce30f6f64900ee93ba37,59eeac10ee17b2c144822b5ea1fd1fd1,delivered,2018/1/26 9:09,2018/1/26 9:17,2018/1/29 22:22,2018/2/5 19:21,2018/2/19 0:00
01d907b3e209269e120a365fc2b97524,d02cc92f5e33eb58d9ff4d5cce6ae901,delivered,2017/8/9 16:21,2017/8/10 10:25,2017/8/11 19:05,2017/8/16 22:34,2017/8/29 0:00
01d90c5856f7551e108f2a0864ff6e54,a617067d08312d857f24bc829af217e8,delivered,2018/6/28 17:37,2018/6/29 2:55,2018/7/4 21:48,2018/7/5 15:41,2018/7/16 0:00
01d95eed9163a292a6788ddac08bcf31,8a0d726f209fe6181dfe3d5a64d75450,delivered,2017/11/8 9:54,2017/11/9 4:31,2017/11/14 11:29,2017/12/5 0:26,2017/12/4 0:00
01d96f415da1ffc3807bc85852dea189,50e2e211862daf99d434538a985b5423,delivered,2018/4/10 20:59,2018/4/12 8:32,2018/4/12 17:51,2018/4/18 0:21,2018/5/3 0:00
01d9a9aa7feccdaf99f7ea832bfa7301,4e2a379354e75a4545a46fe69949844f,delivered,2018/8/21 21:53,2018/8/21 22:05,2018/8/22 12:17,2018/8/23 20:04,2018/8/24 0:00
01da413c142606bf28e461e3a732f653,e7538f59822c6f1ce51b24280709bace,delivered,2017/8/24 11:20,2017/8/24 11:30,2017/8/24 16:48,2017/8/29 16:56,2017/9/14 0:00
01da5549f136167573c8a302f008557a,c6905c5022f61e99e31ded5f939e702b,delivered,2018/4/8 17:01,2018/4/10 3:55,2018/4/10 23:34,2018/4/17 22:44,2018/5/7 0:00
01db310c16db46c62c3d4e0857990f32,cd042ac503b01b08c0c1e582bb978154,delivered,2017/2/13 16:22,2017/2/15 2:43,2017/2/21 8:34,2017/3/13 11:14,2017/3/29 0:00
01dbd2da9b685e6d444416f7825d0931,332cd7b9d5b2e74bf7553bfac694996d,delivered,2017/10/4 22:21,2017/10/4 22:35,2017/10/6 13:18,2017/10/20 21:53,2017/11/7 0:00
01dcbb39823b4cda39ddcc6679fb00ac,8e1dff0d67c90649dba1440b80328275,delivered,2017/5/29 20:01,2017/5/29 20:15,2017/6/1 11:40,2017/6/7 16:37,2017/6/23 0:00
01dd288e8605af239a3a35e550e89235,0a88fe358661f9b9cd87d419e7bffcdd,delivered,2017/7/26 7:51,2017/7/26 8:05,2017/7/26 20:39,2017/7/31 16:26,2017/8/21 0:00
01dd7b32b57e2e5633984f61e456b046,48dc227fd17db8b6dacffb7d2be80886,delivered,2018/4/5 12:21,2018/4/5 12:35,2018/4/5 21:54,2018/4/9 19:51,2018/4/17 0:00
01dd912bf415bd6f499af600aebdb866,35d1d4cb6cb9997376abb3d7e1a97b19,delivered,2018/2/9 23:35,2018/2/9 23:48,2018/2/14 21:16,2018/2/16 11:38,2018/2/23 0:00
01dfa7b5bb8dcd546273e480c27043bc,6a9b5719c17e4f44e30d33c298c0739e,delivered,2018/4/27 10:01,2018/4/27 10:15,2018/4/30 15:24,2018/5/9 18:42,2018/5/16 0:00
01e0386aae6c6385feedb58bd4aae5c7,f2ad615b9e352f08c5382d34ed55ce8b,delivered,2017/11/24 21:35,2017/11/25 1:31,2017/11/30 21:03,2017/12/11 20:45,2017/12/15 0:00
01e1617e546dc1fd372e089ab515ae34,3e7394d8b265e9ff64b31f047cc71fd9,delivered,2017/9/17 19:15,2017/9/17 19:25,2017/9/19 19:25,2017/9/27 18:56,2017/10/6 0:00
01e4121d4b2dcfb2ba6b8f367652aee8,da76db45bad3e7725c88825007a1f3b0,delivered,2017/10/30 10:41,2017/10/30 11:09,2017/10/31 21:49,2017/11/3 14:23,2017/11/17 0:00
01e4eeac4002b2e57b7ada6bc3a3c38f,73b858b84d3afef2fdc6a26f3ee8c6f7,delivered,2017/8/1 18:44,2017/8/1 18:55,2017/8/3 18:32,2017/8/8 20:33,2017/8/21 0:00
01e515b157491fa28d3b56e7ef342573,e8cf85adfbc68653c831f02159ec04c3,delivered,2018/4/26 7:27,2018/4/26 7:52,2018/4/26 10:39,2018/5/3 20:42,2018/5/21 0:00
01e51b7c3025655646143d09b911e1d7,1441fb0aa631b791bcb461e549d7b7ce,delivered,2018/1/14 9:41,2018/1/14 9:50,2018/1/15 23:52,2018/1/31 19:52,2018/2/6 0:00
01e662008f03009eb9b97f9333fcd6b4,bd13ebe5d7f8f2923430da33ffcf40ec,delivered,2018/6/30 10:04,2018/6/30 10:15,2018/7/3 8:38,2018/7/14 13:56,2018/7/20 0:00
01e6f40a293da5a9dc11e49695c7541d,ccea9568a9b9092688e949bcb955ddd0,delivered,2017/5/29 12:58,2017/5/30 4:30,2017/6/1 11:55,2017/6/7 15:19,2017/6/21 0:00
01e7138289b75d9624b04dfe12379c1d,f396261ffae591f9905c76e28c3ac59b,delivered,2018/2/1 19:59,2018/2/1 20:14,2018/2/7 21:21,2018/2/20 18:03,2018/2/23 0:00
01e71f17355fc56620b0d3678f796c42,004a2b3e8b026284407c620f4f01f686,delivered,2018/4/18 22:19,2018/4/18 22:31,2018/4/20 19:42,2018/5/10 21:12,2018/5/18 0:00
01e7cf79ff6fdb0a65634f714c67dd24,aded241eaa68c31246d82eb3198d4ae3,canceled,2018/2/15 14:58,2018/2/15 15:10,2018/2/19 18:52,0000-00-00 00:00:00,2018/3/7 0:00
01e84dcdea7f8180214c9cf9f058f0dc,808cfcd5c83849bfb0c7bf25edd97b2b,delivered,2017/10/31 11:10,2017/11/2 2:46,2017/11/6 18:38,2017/11/9 20:09,2017/11/17 0:00
01e9b3d727e46edf036b0bd549c38bb4,14615837f83937b2dea94361cfb6770d,delivered,2018/1/20 21:14,2018/1/20 21:41,2018/1/22 18:09,2018/2/5 21:37,2018/2/19 0:00
01e9feecd7fba975c1869a8fbbb38b65,18a76d8e984df9cc300315102a1008b4,delivered,2017/3/28 20:44,2017/3/28 20:55,2017/3/30 15:48,2017/4/4 16:32,2017/4/19 0:00
01ea9d9ce4b86204f82b79184897371c,47f5f43c79b29aaeec92a9c5e817ff6a,delivered,2017/3/23 17:38,2017/3/23 17:50,2017/3/24 11:09,2017/4/3 13:38,2017/4/13 0:00
01eaa000fe5c9f80f535c3d0cad25a47,a43434ddd74de3fb686800674a4f1af6,delivered,2018/8/15 15:29,2018/8/15 20:34,2018/8/16 16:39,2018/8/17 20:02,2018/8/28 0:00
01eb154e5aa06eaf50851577302a04a5,6e3d5df3e5aed86d96bb5d0234f4044e,delivered,2018/3/22 11:42,2018/3/22 11:55,2018/4/5 14:42,2018/4/9 13:08,2018/4/12 0:00
01ebb9ed879d6fa1da4857ed617972ab,65c931a66a152fc0769247ad03785247,delivered,2017/4/27 18:48,2017/4/29 2:43,2017/5/2 9:34,2017/5/12 17:24,2017/5/25 0:00
01ec6affa239058ac384542eb9f6920c,0b0e2a12cbf100c36a10fe8fb871d783,delivered,2017/12/12 22:18,2017/12/12 22:32,2017/12/22 17:04,2017/12/26 13:57,2018/1/12 0:00
01ed8d522a969ceeb6ba285a161bf4c9,6b1d775b2094e9c5a3a86e9e8fe01b3f,delivered,2018/5/13 17:58,2018/5/13 18:13,2018/5/15 11:00,2018/5/18 17:42,2018/6/7 0:00
01efe0209a92b2f21f6e0edee4bd4eb6,a096c55fc5ab79f92c64f63541ac39e8,delivered,2018/6/24 19:18,2018/6/24 19:36,2018/6/25 10:49,2018/7/6 11:41,2018/7/19 0:00
01f04ef1bf8714247c5286afd8579353,4098ded78e423489732762e2b21180b7,delivered,2017/10/30 12:58,2017/10/30 13:10,2017/10/31 14:42,2017/11/8 21:52,2017/11/17 0:00
01f11912a2c502cc940f607b1f6b2ab0,3b01c1a86716aef93f40e4136bc1866e,delivered,2018/2/5 18:40,2018/2/5 18:50,2018/2/7 15:18,2018/2/23 0:06,2018/3/9 0:00
01f216b447564f9ea791b521db577ccb,39d5f491d314a5e26d16cf74581bff02,delivered,2017/1/24 18:44,2017/1/24 18:55,2017/1/25 9:21,2017/1/31 7:35,2017/3/1 0:00
01f3ed0a20c6db39216985812a092bea,88cd4760d06074426489e89bb4116184,delivered,2018/8/18 22:34,2018/8/21 6:09,2018/8/22 12:29,2018/8/27 18:44,2018/9/5 0:00
01f48b2a27229e667db384b5b9d5dfa4,1f4e48d20f0deaacefd7fc19a4382c65,delivered,2018/5/16 22:32,2018/5/16 22:55,2018/5/17 15:21,2018/5/18 15:46,2018/5/28 0:00
01f5bb59c4e3a373ee5cade4e69ae92f,24c7cad158eb1baa048288b63c1d6085,delivered,2018/3/19 11:53,2018/3/19 12:10,2018/3/20 0:50,2018/3/23 23:21,2018/4/10 0:00
01f65c9e501f46d2a15af4d2b28e6081,5ab56cf5cc9c12dca123f986599f88e8,delivered,2018/7/9 18:58,2018/7/9 19:10,2018/7/11 8:25,2018/7/14 17:07,2018/7/27 0:00
01f66e58769f84129811d43eefd187fb,e41819d1c95c12c9ce495b630eab8aee,delivered,2018/7/9 21:18,2018/7/9 21:30,2018/7/10 11:49,2018/7/11 23:24,2018/7/18 0:00
01f67ca8027e959060afd840aa06f465,1b606aeedafbe92f4c55f4fcad9dbcb4,delivered,2018/4/30 16:19,2018/5/2 9:33,2018/5/3 12:26,2018/7/4 18:47,2018/5/24 0:00
01f74145603bef2ef33949099b48ad28,16164e94f3a6460de7a0700e99b330ae,delivered,2017/12/27 17:27,2017/12/27 17:35,2017/12/28 22:24,2018/1/5 0:33,2018/1/29 0:00
01f74d38c7379a28cc0ac3d90e80c7ea,aa49a857b9196c3ecc7cd8cc02f954f9,delivered,2018/1/31 23:12,2018/2/2 2:55,2018/2/2 23:48,2018/2/27 11:14,2018/3/5 0:00
01f78824e3a8e474a36d8dfc2a2c35f4,5ea43e101aceaadd7ca9fcf1b0226a6e,delivered,2017/9/19 10:17,2017/9/19 10:35,2017/9/19 17:47,2017/10/6 20:12,2017/10/9 0:00
01f7d29898cf7c5fcb583a2a29508202,bafd4361ea9061be4b18bbc25300f2b9,delivered,2017/12/11 1:09,2017/12/11 1:19,2017/12/15 15:12,2017/12/19 17:59,2017/12/28 0:00
01f80c40f143af17e50622fe26ca76c4,6909938bdfdc79e0e6a5eeeb781566ab,delivered,2018/5/20 14:26,2018/5/20 14:59,2018/5/21 12:42,2018/6/2 12:27,2018/6/19 0:00
01f99c97a2034ffb373556e8fdb5c7cf,3a9795ba3f6c5d04cbca83a5d29cfaf6,delivered,2018/5/8 10:50,2018/5/8 11:09,2018/5/9 14:51,2018/5/16 22:37,2018/5/24 0:00
01f9f30f42a15cb09e70666d0df18856,7b07a86ba7d3c0c53f96bf14ea8ecc1e,delivered,2018/1/15 9:31,2018/1/15 9:50,2018/1/17 15:05,2018/1/26 18:04,2018/2/14 0:00
01fa35042136b75da24ce2a391b30eb9,6cb82041991c34e22c481ba240faeffc,delivered,2018/1/8 15:45,2018/1/8 15:54,2018/1/9 23:33,2018/1/12 21:58,2018/2/7 0:00
01fac9bdfa271bcaf57218f971649ab7,0dc409c0b2ee6af05d8caf7a5676a672,delivered,2017/9/21 12:39,2017/9/21 12:55,2017/9/26 10:37,2017/10/9 19:10,2017/11/14 0:00
01fba151a6fa8315ff6dc6f29fe2f2d4,414aa2fa7df5bb8836e17bfe8e2a0658,delivered,2017/7/10 14:06,2017/7/10 14:23,2017/7/11 12:12,2017/7/13 14:15,2017/7/26 0:00
01fe473278bb7522f081c21ee8e4cbd4,ea6b8e999abbe1a2a86fccbebd51aec3,delivered,2018/5/20 15:39,2018/5/22 8:16,2018/5/23 15:52,2018/5/28 15:33,2018/6/5 0:00
02014f2495eef0e869616829d481d743,f0d62fcceaafaea74a143d7fce54f1f4,delivered,2018/8/22 10:53,2018/8/22 11:05,2018/8/22 14:44,2018/8/27 18:02,2018/9/4 0:00
020347f6d056bb4209b3ee4711d25f1a,6ceae544a7b14267290dbaa361e511fb,delivered,2018/7/24 16:36,2018/7/26 3:15,2018/7/26 14:01,2018/8/6 12:36,2018/8/16 0:00
02036bc298ab3c1efc98b116f420d646,1b0555269127c13e727a1f3cb545faf2,delivered,2018/8/23 6:32,2018/8/23 6:45,2018/8/23 12:28,2018/8/27 23:26,2018/9/10 0:00
0203892ed7a2b76401830f4b82a5a34c,b32b53ffb964ca001a0e4daca0b4a343,delivered,2017/7/8 20:26,2017/7/8 20:35,2017/7/10 12:47,2017/7/11 19:21,2017/7/21 0:00
0204196a1fd266bdc00356eb791b4516,b7cbef9a346d7be216c7e57369eea78a,delivered,2017/11/26 18:43,2017/11/26 18:54,2017/11/30 0:03,2017/12/12 11:03,2017/12/18 0:00
020500486b7211f5ef873ba8ffd58cd0,fd458d0e1786001b290de9b01dc9fa9c,delivered,2018/8/13 21:29,2018/8/13 21:45,2018/8/14 13:14,2018/8/20 21:41,2018/8/29 0:00
020550d9cdfb7110d07fd1a1f8937c6e,b8cd636f6513382dd886029c3e51c412,delivered,2017/9/2 17:47,2017/9/2 18:04,2017/9/4 21:24,2017/9/18 10:53,2017/9/21 0:00
02058d1c3b825765a4ec45968b8a1c97,789866f98a4d051812a2ad7e9c2443c0,delivered,2017/5/22 22:10,2017/5/24 2:50,2017/5/29 14:03,2017/6/5 18:05,2017/6/19 0:00
0205c3dd6f4d8e348ee72fffd114fec4,67a1b364b073c272cc412276247ebe7a,delivered,2017/7/24 21:41,2017/7/24 21:55,2017/7/26 16:33,2017/8/10 18:49,2017/8/30 0:00
0207f5a2635f4e2d29acd00fc01a36ba,c29253b809677d6b9de4371383f4da19,delivered,2018/3/5 10:25,2018/3/5 10:35,2018/3/13 23:08,2018/3/19 22:46,2018/3/21 0:00
0209ef2fa3cce5eb798c98f5b6142849,1735aa00e7e53aafa92b65a536089fdb,delivered,2018/2/24 22:44,2018/2/24 22:55,2018/2/26 21:13,2018/2/27 21:21,2018/3/12 0:00
020a1591ace758e4c97d7843e1a03a88,3c59cb3e5e8348b4f5303307f6c6048a,delivered,2018/8/13 6:52,2018/8/13 7:04,2018/8/14 12:30,2018/8/15 16:38,2018/8/22 0:00
020aec76c43508e4214579c52c1133f4,d61274989a1013559fec1e4a020eeb0c,delivered,2018/6/25 22:45,2018/6/26 0:33,2018/6/26 14:02,2018/7/2 19:47,2018/7/25 0:00
020bc32fbdded2a43147c70a5eb3ec21,6cffa1011064035b56965e363955f701,delivered,2017/7/14 22:03,2017/7/14 22:15,2017/7/18 20:51,2017/7/28 21:53,2017/8/9 0:00
020c01e41104519842f8a15605af646c,0fb0919d1c2791fb41c75bec69db8df1,delivered,2017/2/8 13:10,2017/2/8 13:22,2017/2/8 15:29,2017/2/14 14:47,2017/3/9 0:00
020c2cd20d09193b79c51797a82aaa3e,5fd34b6c7233619283197ff572e5e966,delivered,2017/11/28 14:19,2017/11/28 14:30,2017/11/29 16:24,2017/12/4 18:08,2017/12/21 0:00
020d1063c6e7cb975472aedbfe0e25ea,bcf130ec4f60035b99625fd5c5fc88ed,delivered,2018/1/5 0:16,2018/1/5 1:32,2018/2/17 2:08,2018/2/20 20:52,2018/3/6 0:00
020d90b47730f065a03723587c20a57f,87fa03356ab0502083e0359921f4b780,delivered,2018/4/27 11:14,2018/4/27 11:30,2018/5/3 14:27,2018/5/4 21:42,2018/5/16 0:00
020e6f6dee3bdcf543b857eb97373956,fd2f069f330e8205fb45a29fb37ec0ee,delivered,2018/5/5 10:39,2018/5/5 10:55,2018/5/9 12:15,2018/5/11 1:16,2018/6/13 0:00
020f04b3da1d597b9a00b825762299ba,0b42990c6a03665bc6591652ed10d6ae,delivered,2018/7/5 16:07,2018/7/5 16:36,2018/7/6 10:27,2018/7/13 18:28,2018/7/30 0:00
020f64bdb28111d057f49277da918771,5f34e2c2466a63ed9257b5925326292a,delivered,2018/6/9 9:33,2018/6/9 9:52,2018/6/11 14:31,2018/6/13 21:26,2018/6/25 0:00
020f8f4df303ae8aa39b806b766d2681,d588273738545bc6a0d30971bf72e938,delivered,2017/12/27 9:58,2017/12/27 10:10,2018/1/4 22:27,2018/1/9 21:58,2018/1/23 0:00
0210336762a2618a562576d1266efefe,1c6168ef4f5ddbdedf48f60a4e21128e,delivered,2018/4/16 18:07,2018/4/16 18:55,2018/4/17 18:31,2018/5/1 15:08,2018/5/10 0:00
0210f3225937e9d7702e0c3fff098b98,eb6ebc68d7ab6ad83e9d68dc1b707f1c,delivered,2017/11/25 4:31,2017/11/25 5:35,2017/11/28 22:18,2017/12/1 21:33,2017/12/11 0:00
02119fc90b970a6b0f5f554659843ab4,247eb12909a8db3cc579b1260c3061e6,delivered,2017/6/28 12:47,2017/6/29 2:45,2017/6/30 8:11,2017/7/20 15:49,2017/8/1 0:00
0212767fce39149bfc2e12d54be96f65,b7079d031085e5dda5e1bcbd5ee3b031,delivered,2017/6/11 23:09,2017/6/13 4:43,2017/6/13 13:13,2017/6/14 14:41,2017/7/4 0:00
021288ce4f15c031270df5259df1b551,e0588a026f187e4f6ec5cb1ae92380f6,delivered,2017/12/5 0:29,2017/12/6 2:50,2017/12/6 23:52,2017/12/20 21:09,2018/1/10 0:00
021363783b521e9813dd62bbcb77d1dd,8c28706c8f9e0cc8ceea7d7e116960e9,delivered,2018/2/23 11:52,2018/2/24 15:27,2018/3/1 23:19,2018/3/21 22:05,2018/3/20 0:00
021397df4601b61a8bd063be9b5c54a0,6a9314555839080b4a67cab05e532105,delivered,2017/11/16 17:53,2017/11/16 18:15,2017/11/17 20:54,2017/11/19 12:32,2017/11/29 0:00
0213da24bc9b884c4792ae4c54eb0bf3,a885447168d5878bb08f442a38284741,delivered,2017/11/24 11:21,2017/11/28 3:46,2017/11/29 0:57,2017/12/4 23:54,2017/12/18 0:00
02145cbff48d443165378d41c0e49e48,c1596c970f5f8765d684e7e6e3421011,delivered,2017/12/22 15:43,2017/12/22 16:31,2017/12/26 18:09,2018/1/10 18:38,2018/1/22 0:00
0214781b6f9215eb09fb1b78de35b07e,03fcc171d06123c951b373d1bf113748,delivered,2018/8/12 0:34,2018/8/12 1:04,2018/8/13 14:44,2018/8/14 21:22,2018/8/16 0:00
021645306ea1563079aaec6e96f20d38,765f69252734ee67b9b129b30f8220a3,delivered,2017/4/1 21:57,2017/4/1 22:10,2017/4/10 15:57,2017/4/13 14:26,2017/5/10 0:00
0216b8a71f44f126ac083fa5d639fe47,6721f296aee89a6caef0bf53c7547103,delivered,2018/8/19 0:17,2018/8/20 10:55,2018/8/23 12:56,2018/8/24 18:42,2018/8/29 0:00
0216ea85f929ce4795f933573c6bb055,ce88121027e42c2e895f84a8f3ccd665,delivered,2018/6/8 20:27,2018/6/8 20:59,2018/6/12 15:09,2018/6/19 17:42,2018/6/26 0:00
0217ad862ae7391cc3964c07ce3d6ea1,6a72b0e91fbb821cdade717f5899a67f,delivered,2017/11/29 14:43,2017/11/29 14:58,2017/12/1 21:14,2017/12/26 21:32,2017/12/26 0:00
0218bc1c672e0e92f10a6633ca1cc461,aeb6533eeab4fbea7f9bdf37db0f8ee0,delivered,2018/3/7 22:36,2018/3/8 14:30,2018/3/9 21:47,2018/3/29 1:11,2018/3/29 0:00
0218c7a4fb8d5b1bd22c82b783b8359c,430ec51e3c42def76f0d79a8edb21784,delivered,2017/10/13 12:58,2017/10/13 13:09,2017/10/13 19:33,2017/10/23 12:12,2017/10/31 0:00
02190241f7190a1f3c7e0df95a749c6a,55c9044401ffab0c717f24405e2e042f,delivered,2016/10/7 10:52,2016/10/8 4:44,2016/10/21 12:47,2016/10/27 9:37,2016/11/29 0:00
021d0261c214591da7db51193c9aeb29,af9e6b10595811f8cfa732c179697ac4,delivered,2017/9/20 5:02,2017/9/20 5:15,2017/9/20 21:20,2017/9/21 16:18,2017/10/2 0:00
021d08e4057e5b6414c8d2f69f4f72a0,7470a1ddb5f78a811fbef15b2556781b,delivered,2016/10/7 17:37,2016/10/7 18:01,2016/10/25 12:05,2016/10/30 1:25,2016/12/19 0:00
021d35119e0e191a4fa47715d479b6f8,0ceb28a00e14081b054eee1421d9d970,delivered,2018/3/2 13:20,2018/3/2 13:35,2018/3/2 22:44,2018/3/16 20:34,2018/3/20 0:00
021dac6e3120485db6a77474aa21b979,c40f7f00e91eb8a0da1e58484380a796,invoiced,2017/11/24 22:46,2017/11/25 1:53,0000-00-00 00:00:00,0000-00-00 00:00:00,2017/12/15 0:00
021f21b778ea0a81da47ebe141b1b29c,668602ff7a4ac16b00c73785fda2025d,delivered,2017/10/26 16:31,2017/10/26 17:31,2017/10/30 15:59,2017/11/3 19:37,2017/11/16 0:00
021f26893462ec6a677baba7f06ce4c1,08fd236d2b9c7fb54e98c43a83d40cda,delivered,2017/7/7 15:24,2017/7/7 15:35,2017/7/11 11:56,2017/7/22 12:59,2017/8/1 0:00
0220b52f0b019739726d80c64bd4bf08,3f887ff09d642f0cfc712a5f6751c5c7,delivered,2017/12/20 8:36,2017/12/20 8:50,2017/12/21 2:12,2017/12/28 20:52,2018/1/23 0:00
02218eb2a33847087a46d34397835b2a,e3aaae760c7433a9e8cde67c265f494a,delivered,2017/6/17 15:27,2017/6/20 11:15,2017/6/22 15:47,2017/6/30 16:44,2017/7/17 0:00
0221d784b11a24077b3531e860b73434,2e8a717f1328396791b375f2d401def0,delivered,2017/12/14 9:40,2017/12/14 9:52,2017/12/14 21:42,2017/12/26 23:19,2018/1/12 0:00
0222b443ebbd702540abbaf4f5ff7edf,b17fdd3ce7dab9006c20a275bbf7c804,delivered,2018/7/19 21:42,2018/7/19 21:55,2018/7/20 12:46,2018/8/13 17:33,2018/8/14 0:00
0224d4ce99f4262f9554d248dfad743c,3e3a04eb993fe7c6bab32b40fcc51f7f,delivered,2018/3/17 19:25,2018/3/17 19:48,2018/3/20 22:08,2018/3/21 22:48,2018/4/2 0:00
022790f69760d0a1c025cd3acdf13927,c2b5591d50732618e8245b7c01bda8cd,delivered,2017/10/8 20:24,2017/10/8 20:35,2017/10/10 20:45,2017/10/16 23:32,2017/10/31 0:00
0227da6a9a5c5d03b593cc9c2bce3463,b27329504d3818ef391c0d13829964b3,delivered,2018/4/11 16:30,2018/4/11 16:51,2018/4/12 20:35,2018/4/17 18:58,2018/4/27 0:00
0229b2e398fde4545d32b5bb232973ad,4b2ef9e978a3fb2cf7ea6ca5f7792dd9,delivered,2018/3/21 15:11,2018/3/21 15:27,2018/4/18 18:21,2018/5/5 1:49,2018/4/26 0:00
0229bc966620f05d9d8fc29c704aa6ff,48a01175afae9a275b3b57ccd21da366,delivered,2018/7/21 19:10,2018/7/23 16:00,2018/7/24 14:28,2018/7/28 0:26,2018/8/6 0:00
0229e66693fbbd736e5022221fc8148b,de7123a14192ec3066359926049b0f28,delivered,2018/8/18 21:10,2018/8/18 21:29,2018/8/22 15:35,2018/8/28 16:35,2018/9/6 0:00
022aa0edf94712a82983961b98e4a9a1,df7a84452bd7d6921705ac34f40e864b,delivered,2018/6/25 17:25,2018/6/25 17:35,2018/6/26 19:10,2018/6/29 11:57,2018/7/5 0:00
022b1f3510a95b396431fec95f5de236,2584a8c397f871fab8d373d60dedd289,delivered,2018/3/7 11:34,2018/3/7 12:20,2018/3/7 22:12,2018/3/10 16:22,2018/3/23 0:00
022ba76c6e0c4336514521a8cd4b8fbb,09dd621bd52c70a32eb2e306ef235b9a,delivered,2018/6/17 22:36,2018/6/17 22:59,2018/6/18 13:57,2018/6/27 14:55,2018/7/16 0:00
022c0ddf029d7d3ba3d83bd524805629,9e76b1b37605f553636242f3e5861c3e,delivered,2018/2/6 11:21,2018/2/6 11:49,2018/2/7 14:35,2018/2/14 21:04,2018/3/2 0:00
022cb45264ced2571bbbd8e231838100,aafd4a30b4fc87b9ce204df17db5196d,delivered,2018/6/3 0:21,2018/6/3 0:30,2018/6/5 8:45,2018/6/12 16:09,2018/6/28 0:00
022d47e6dd2e127493b8f51c8408078c,02d2c49ef9837fbf18d71940dd7cf97f,delivered,2018/1/13 17:33,2018/1/14 17:28,2018/1/18 22:41,2018/1/22 17:10,2018/2/5 0:00
022d4b171a04520ca2113a48b6b61380,8d8eb67ed5fe4ecffcffd8cd9b5556cc,delivered,2018/6/1 11:54,2018/6/1 12:11,2018/6/7 13:24,2018/6/11 20:32,2018/7/4 0:00
022e34b10acb0f74f51f03b3bf8d996d,63f88c298f90fa0472a1c82af364fb5d,delivered,2018/1/11 16:15,2018/1/12 16:09,2018/1/15 19:24,2018/1/23 20:32,2018/2/7 0:00
022e89c60857b5c81788e7e09d04b3ef,5f903b2d6b866fe2698c86e8dd4628c1,delivered,2018/6/6 14:59,2018/6/8 3:13,2018/6/8 15:44,2018/6/14 20:33,2018/7/12 0:00
022f80b8a6f58b11018082b505f15c38,e55ddd4fde4608bc77a6494772b5bd3b,delivered,2018/8/22 14:40,2018/8/22 14:55,2018/8/24 9:56,2018/8/29 22:48,2018/9/10 0:00
0231382a78f19752dabca6a86b618152,02cb822eec8b6309e7ce715ccea3390d,delivered,2017/3/9 21:17,2017/3/9 21:17,2017/3/16 9:30,2017/3/23 12:42,2017/3/28 0:00
0231a1f06afc507072e11f93fa6e736b,92effc61cdcde58dde1a6295fe519bb4,delivered,2018/5/8 12:44,2018/5/9 12:55,2018/5/11 8:17,2018/5/22 20:35,2018/5/28 0:00
0231f6b89e5798ff6c0dfb1e18a94da9,719f6e6129a784bbc01b1267fe488547,delivered,2018/8/4 12:35,2018/8/4 12:50,2018/8/16 11:49,2018/8/17 17:43,2018/8/22 0:00
0232512713ff84ce6ae5c96971894149,dd697a2e78207fa7b19293cccfb33729,delivered,2018/3/25 11:20,2018/3/27 3:55,2018/4/10 18:26,2018/4/11 18:48,2018/4/23 0:00
02332b54c758506809fd87d9c2748086,b7fefe142962b04fa4d97b8bec20f8a1,delivered,2017/11/6 12:48,2017/11/6 16:58,2017/11/6 18:46,2017/12/11 21:52,2017/11/28 0:00
02333096645cf1743050acd043b76e69,f9f3547648b8c4bce58da9e9ab677fb8,delivered,2018/8/9 16:22,2018/8/9 17:30,2018/8/10 11:09,2018/8/16 19:38,2018/8/27 0:00
02342201aaaf713fa9f51c6d44444424,1730e1c6c871728cb55c1648810fa30b,delivered,2018/1/29 12:39,2018/1/29 12:52,2018/1/30 19:29,2018/2/5 19:08,2018/2/20 0:00
02346f2f5b8930a992461a607bf6bf62,3cd29923676e2dde9a89f7232a64de8c,delivered,2018/3/20 16:06,2018/3/21 2:50,2018/3/23 1:58,2018/3/26 21:18,2018/4/9 0:00
02346fd715e28d8e4fdb6893cd121f71,ccd330b2a68b43ccc7456bd7b62e679f,delivered,2017/11/8 21:08,2017/11/8 21:26,2017/11/9 23:07,2017/11/22 20:11,2017/11/28 0:00
02355020fd0a40a0d56df9f6ff060413,b28f05c74142c8e7c6e07e5336fa63ae,delivered,2018/2/28 16:07,2018/3/2 2:15,2018/3/2 19:16,2018/4/10 14:48,2018/3/26 0:00
02358a9949662b292e80635305dea78b,e69e27216b375e2c7e1be6298b051bf2,delivered,2017/5/15 16:59,2017/5/17 4:05,2017/5/17 9:52,2017/5/23 14:18,2017/6/19 0:00
023669233121f0fb7899e5be2b22885f,22c15b46adce8afdd7d58e6582752263,delivered,2018/4/16 13:14,2018/4/17 4:54,2018/4/18 20:23,2018/4/19 16:37,2018/5/2 0:00
0236711b7bfcba7479639be980c21128,f1078903d2e4453e0d1905618174a3dc,delivered,2017/6/14 16:19,2017/6/14 16:31,2017/6/23 8:57,2017/7/5 13:12,2017/7/17 0:00
023a60303ff8d9e08b99e7474f7416ce,3570b59a7408f4a3aaa95d2c0485f243,delivered,2017/6/12 21:16,2017/6/14 2:15,2017/6/19 11:52,2017/6/28 14:27,2017/7/7 0:00
023aa4b0585594124bc50e55e0e11a5f,678c7714cdd189c7aca5cd7e6c70fb94,delivered,2018/4/1 23:03,2018/4/3 5:48,2018/4/4 21:57,2018/4/9 11:46,2018/4/18 0:00
023ae47e11483bdb8aa35fa4662aee1c,a4856ab766d5bbc379fd5c770def82e5,delivered,2017/4/10 12:41,2017/4/12 2:43,2017/4/12 16:32,2017/4/18 16:50,2017/5/5 0:00
023af4b88d12c9f3f56bcb55da0450c5,96b3ea36ae6536e8d46ac247b72b9364,delivered,2017/12/9 17:31,2017/12/9 17:50,2017/12/14 22:21,2018/1/8 23:12,2018/1/9 0:00
023b3575b6649cf01cb239c0e9603262,6b994d4f438ab832290549dd01b35032,delivered,2017/12/28 1:15,2017/12/28 1:28,2018/1/4 22:59,2018/1/15 12:22,2018/1/30 0:00
023b49300b34f2b9961857266df731dc,0d0ce626603ca795728958e76c79785e,delivered,2017/9/21 9:58,2017/9/21 10:10,2017/9/21 21:40,2017/9/28 21:48,2017/10/19 0:00
023dced8c25f743c5fdcf14edabac7a8,9247365772940bb769c6a672afb55785,delivered,2018/3/25 23:03,2018/3/25 23:15,2018/3/27 2:03,2018/3/28 20:36,2018/4/6 0:00
023dec08929b8cafa8028da5e6b527b6,ace4c0c7241fb02b72bb8d019b738693,delivered,2018/3/17 14:49,2018/3/17 15:10,2018/3/21 18:35,2018/3/22 20:12,2018/3/29 0:00
023e55afed85f9778758fba7752a9215,ba3635a32005efb8620da7e57b206cdc,delivered,2018/3/23 11:37,2018/3/23 11:50,2018/3/23 21:42,2018/3/29 20:04,2018/4/11 0:00
023efd060c082063e299dc77891ea1b7,c04472465a5f84c1055508f48ffe5b4c,delivered,2017/11/14 12:43,2017/11/15 2:46,2017/11/17 22:14,2017/11/22 17:16,2017/11/29 0:00
023faf5fac58639f7cf53cb7dd219859,affe45dfbbc85f104e46987acfae38b3,delivered,2018/1/14 20:18,2018/1/14 20:31,2018/1/20 10:45,2018/2/2 22:48,2018/2/6 0:00
0240111ef6f94ee97599bd002acec1cd,71d768f0401c468141199473dc548df4,delivered,2018/6/24 18:26,2018/6/24 18:55,2018/6/26 9:19,2018/6/29 15:12,2018/7/19 0:00
0240c9d87266e4cabc3bacdcdc6e77e4,9ff020a259deb59e7cd97016824d8039,delivered,2018/6/12 8:40,2018/6/12 9:18,2018/6/12 14:18,2018/6/18 15:52,2018/7/13 0:00
0241b276e1e2b1d6873473c44240b426,d7985e6fd1cd00201093d271a93f3985,delivered,2018/2/21 9:38,2018/2/21 12:05,2018/2/22 23:23,2018/3/27 1:22,2018/3/22 0:00
024319cfbf2156b9b8a0a50c3aef45b7,f100dca2fea4be39e1547226e3cb3c45,delivered,2018/6/8 19:59,2018/6/8 20:49,2018/6/12 16:07,2018/6/18 20:38,2018/7/26 0:00
02440f65dc09737b491463739c347446,53997caa650ff808a586d343b0789fd1,delivered,2018/2/26 9:57,2018/2/26 10:16,2018/3/2 20:44,2018/4/3 20:38,2018/3/19 0:00
02447024ad7cd72fab1af9b28bebb901,8c9abe2d8c6e95757ad580361d7541a5,delivered,2018/4/11 22:43,2018/4/11 22:50,2018/4/12 19:58,2018/4/13 20:12,2018/4/24 0:00
024554aeb0da84476f1c31a711e0990c,ed5ec5a2659505eb7eb931b0ca57a870,delivered,2018/4/18 14:22,2018/4/18 14:35,2018/4/19 18:58,2018/5/4 17:11,2018/5/14 0:00
0245631f7bd55dbee7c6b441629bba94,4d82e79f5404e8c3f059ab099fbe5dda,delivered,2017/10/5 18:26,2017/10/5 18:45,2017/10/6 19:48,2017/10/13 21:37,2017/11/1 0:00
02457250c331120c9dea3bf840316d54,963a1bdf3457fa0fc821708aa51e087f,delivered,2017/7/12 18:12,2017/7/12 18:25,2017/7/13 17:42,2017/7/19 13:22,2017/8/3 0:00
0245af1fbe1f70f5ac7c1793c78f12cb,c6bf16f05f0fdc4603d841d215a13edb,delivered,2018/1/16 15:14,2018/1/16 15:31,2018/1/18 18:55,2018/1/30 22:24,2018/2/16 0:00
024602a52e3c89ca5f963affcd2bedad,33e9f4b9cf16be89234b0eac5a37173c,delivered,2018/7/6 20:07,2018/7/6 20:31,2018/7/10 15:27,2018/7/16 14:52,2018/7/30 0:00
0246b043b8ae041912cc7651ceb1ba2f,e412443072bf2656a463473f5c9802c1,delivered,2017/10/26 10:54,2017/10/26 11:16,2017/10/27 17:24,2017/11/3 19:33,2017/11/16 0:00
0247aa98317f60908e99f44e7a2a4896,c2a9d304ac6f6c83a1d58953845a94b0,delivered,2017/12/8 11:32,2017/12/9 2:37,2017/12/11 16:38,2018/1/8 23:13,2018/1/8 0:00
0248cb6c91b223b74dc554e1d2c2a59d,720f9eb7343c0fb80260074ae6c3fc35,delivered,2018/4/25 17:50,2018/4/25 18:10,2018/4/26 13:44,2018/5/8 21:24,2018/5/25 0:00
024a19cc498cc1a9efcf675d1ca465c3,54ae421973032c25067cdf03e04be610,delivered,2018/4/3 16:35,2018/4/3 17:28,2018/4/6 20:42,2018/4/30 17:12,2018/4/26 0:00
024a74550cdbd36c0fe3955fc9e2bcf0,5837b288ad076175ff451a905d6153f9,delivered,2018/8/9 8:10,2018/8/9 8:50,2018/8/14 14:42,2018/8/15 18:28,2018/8/14 0:00
024ab991361d48e491b7dad2f172b43f,ef8a56cba316f40c236be1799e706e78,delivered,2018/5/17 17:25,2018/5/18 2:36,2018/6/7 7:48,2018/7/5 21:26,2018/6/22 0:00
024b3b6b53b99a1eb8b9b34515106765,52ec7c76aecc393c0db44c9bbcc4aa68,delivered,2018/1/23 21:33,2018/1/23 21:59,2018/1/26 21:09,2018/2/2 22:59,2018/2/16 0:00
024bee763e8abbf0cd46fa7f440c41ea,110da78c3da35776c00e4ddee0646997,delivered,2017/8/6 22:47,2017/8/7 15:45,2017/8/11 18:42,2017/8/17 18:12,2017/8/31 0:00
024d4903890a56c2e98df63a32206bd9,a1aca6bcf003c08a08097758ff8cf96c,delivered,2017/11/4 9:51,2017/11/5 9:50,2017/11/7 10:26,2017/11/14 20:57,2017/11/28 0:00
024d4ef645f204e4f95cb2a0d9cc61f9,1586d296dc10717a16c0ebfbd90439b5,delivered,2017/10/29 9:07,2017/10/31 4:10,2017/10/31 22:14,2017/11/10 18:35,2017/11/24 0:00
024d56279184e5cb942d9abf28fc14e6,4cb9602acb31a0dbf81de01a43d2d4db,delivered,2017/5/21 17:56,2017/5/21 18:05,2017/5/22 15:53,2017/5/23 11:14,2017/6/2 0:00
024f8681c73783017f7cd5d5b061be3a,c4dda7f2ec051e0b838519a511d05cc5,delivered,2017/9/12 13:10,2017/9/12 13:25,2017/9/13 20:50,2017/9/14 18:15,2017/9/22 0:00
02504308041b6ad0a112b2b7159439ed,96cfaf71faaf9a904c4045fd835853cc,delivered,2018/3/9 10:11,2018/3/13 4:48,2018/3/27 22:06,2018/4/10 19:13,2018/4/19 0:00
0250c3964e5ca77ecac2db28d78aa89f,93868f1b95f724d239389b3bb1eca24d,delivered,2018/6/30 13:48,2018/6/30 14:09,2018/7/4 13:58,2018/7/10 16:38,2018/8/14 0:00
02521a906b13fc8ff9314bf88adc31ed,5bdb6841f00ab95bfbe2e2bb7eb66ddd,delivered,2018/7/16 10:46,2018/7/16 10:55,2018/7/17 14:39,2018/7/20 17:27,2018/7/25 0:00
0252299d97791cd5879873cba920d1f7,0ef08c64c1b6a57d81ced188dd485805,delivered,2017/10/20 12:37,2017/10/24 3:35,2017/10/25 15:45,2017/10/31 20:17,2017/11/16 0:00
025321e4e9674e090b7bc101f9c5ab5a,3674db4a48cbcbd032d3d2274f9018af,delivered,2017/6/20 21:56,2017/6/20 22:10,2017/6/22 18:14,2017/7/2 12:41,2017/7/12 0:00
02542d42d329f6514533eef3af91edf9,84171de389927066b2f82ff038e94cb7,delivered,2017/11/7 19:32,2017/11/7 19:51,2017/11/9 23:37,2017/11/16 22:18,2017/11/27 0:00
02546acbfd2949a1f63c44ad04978ea1,b3ee7fdfb85dc3e5de3517c7be1bfc6e,delivered,2018/7/22 23:31,2018/7/23 12:32,2018/7/24 13:34,2018/7/26 0:46,2018/7/31 0:00
02556030d826438ef986ab5fd723a9a5,7e99f5592fa32c986abe9622f3058a49,delivered,2018/2/11 10:47,2018/2/12 10:48,2018/2/16 20:09,2018/3/5 19:14,2018/3/14 0:00
02557013eeaffd86a6cc5ffd80a4b54e,df578de48490fad348557aca8514d6be,delivered,2018/2/17 22:48,2018/2/17 23:06,2018/2/20 16:49,2018/2/22 11:06,2018/3/6 0:00
02564f320004c61ebf621191f06365a9,29880b59222c463f415962d277f449df,delivered,2018/2/18 17:02,2018/2/18 18:06,2018/2/22 12:59,2018/3/2 17:03,2018/3/9 0:00
0256530d814cde05587fcd8e1b992bc8,023d1d56f9187c91230a4e8b50ab6fb3,delivered,2017/9/28 23:57,2017/9/29 13:56,2017/10/2 16:10,2017/10/16 19:42,2017/10/26 0:00
0257956857cf61994611a0a19f4bc247,bc54fa7f1166c358a2053f680ebb2ac9,delivered,2017/10/16 20:29,2017/10/16 20:49,2017/10/17 15:53,2017/10/24 14:34,2017/11/10 0:00
025830a006d984bf712a8c6a1eca41c0,8048f231121e6b83e7042a1d02021b13,delivered,2018/3/9 19:42,2018/3/9 19:55,2018/3/12 23:02,2018/4/11 21:58,2018/3/28 0:00
025884a2189930178d9ba3b1c6d0f9ba,23ff057c563ba09553c1a7d37520a43a,delivered,2018/3/20 9:29,2018/3/20 9:48,2018/3/21 21:36,2018/3/28 15:14,2018/4/16 0:00
02593f8472d9ab3c2620b1b46166c231,35a7bbd619604e6a5796498ff353983d,delivered,2017/7/12 11:50,2017/7/12 12:55,2017/7/12 19:07,2017/7/25 13:07,2017/8/1 0:00
0259b4edb1ee1ebd0263f59bd790a938,bee393f2250bb90bd7431d95b7172566,delivered,2017/9/1 3:12,2017/9/1 3:25,2017/9/12 15:18,2017/9/19 17:00,2017/9/20 0:00
0259bebdec429a3ec5a653df8f28574e,b04bda1c59e5886ca37fd5cbb9729b28,delivered,2018/1/7 14:22,2018/1/9 7:18,2018/1/10 14:44,2018/1/26 16:37,2018/1/31 0:00
0259ec3c458d0e8c7564647a42408fa6,7c91fa46908712a478a20deaf86252bf,delivered,2018/3/14 8:53,2018/3/14 9:08,2018/3/14 21:52,2018/4/2 16:18,2018/4/11 0:00
025a244ae3d5e6c53b7f9c902643f510,1e1ee4caf4aaf60c6f5e95263a294267,delivered,2017/8/15 14:37,2017/8/16 3:15,2017/8/21 15:09,2017/8/28 18:42,2017/9/11 0:00
025a548c7e6d70e6b6cf600a112b0d9c,2f70159435ac1cfc015410b83084620a,delivered,2018/6/1 12:39,2018/6/1 12:52,2018/6/4 15:30,2018/6/15 0:21,2018/7/24 0:00
025c72e88fbf2358be05c594d4ad5091,4e766deafc3ec54aa57cb6d4d705e506,delivered,2017/3/15 21:24,2017/3/15 21:24,2017/3/16 13:54,2017/3/28 16:08,2017/4/13 0:00
025d78a44b8f48c66fd09239910302b1,6a5c936a909849dc0470967e01a7177e,delivered,2018/4/18 13:37,2018/4/18 13:52,2018/4/20 22:29,2018/4/23 20:02,2018/5/7 0:00
025e095e20c6575abee30657b956b3ff,d74d3f409a5f2efa2445b8415108e184,delivered,2018/8/16 15:32,2018/8/16 16:23,2018/8/20 10:59,2018/8/21 20:41,2018/8/23 0:00
025e90567adfa253765b7fe0e844af3e,fb545b1c12acfe1a72c0e57c087f9029,delivered,2017/6/10 14:01,2017/6/10 14:22,2017/6/13 9:10,2017/6/19 18:45,2017/7/3 0:00
025fe62703ce31742dc8bbe8b1a99b56,fc217359526d7fceb4f1b3b7756dcd56,delivered,2017/12/16 12:44,2017/12/19 10:10,2017/12/19 23:04,2017/12/20 20:43,2018/1/5 0:00
0260196efc012b1f83d543ba8220d0ee,bbaeaf6810cf76b8fd38e746520c7d3f,delivered,2018/7/21 21:53,2018/7/21 22:05,2018/7/23 15:44,2018/7/27 15:48,2018/8/7 0:00
026054570865201773b27b2748af1217,7b2dc93ae14fdd68c575ca579d937b71,delivered,2017/12/8 14:32,2017/12/8 14:49,2017/12/11 19:32,2017/12/22 20:59,2018/1/8 0:00
02605c218285d02df75a255f13396f1e,b1416ec5bad2d6fed050cd451470e76a,delivered,2017/1/31 17:43,2017/1/31 17:55,2017/2/1 2:07,2017/2/14 12:47,2017/3/13 0:00
02608b91ec6070ff5fcd4b63dd964232,d5f23b6e251fdf6e84267303b9b84561,delivered,2018/2/23 14:59,2018/2/23 15:46,2018/2/28 19:04,2018/3/1 20:37,2018/3/9 0:00
0260b4ed1d24feacffa9d9783016a467,b8cc30d4bb91f771891ae6aace4270b5,delivered,2017/3/21 17:14,2017/3/21 17:14,2017/3/22 10:26,2017/4/8 3:03,2017/4/11 0:00
02610d88ac343ed64988d2706ce3ebfd,e7214f2cd8744c2d6d53e74e226ad9de,delivered,2018/2/4 19:34,2018/2/6 4:33,2018/2/6 22:42,2018/2/22 13:27,2018/3/6 0:00
0261459497a63d27d6f197c00f2402d3,6dac42a8db39e203ab662d2bac64fa33,delivered,2017/12/12 19:45,2017/12/12 19:57,2017/12/15 20:00,2018/1/5 15:47,2018/1/10 0:00
0261b9a1fd7da49cec3906e055b2f59d,8e78dbe65183a6e99960e0ce46b373ae,delivered,2017/2/26 23:37,2017/2/26 23:50,2017/3/1 11:09,2017/3/15 6:55,2017/3/30 0:00
0261eac8b7b097ab1e28579b69e6ea90,fd4e6dc2e2ca0393ac80b6a2d6001179,delivered,2018/6/25 16:32,2018/6/25 18:14,2018/6/26 9:54,2018/6/28 16:46,2018/7/23 0:00
02623e799dcc1e41066ddfe4af591f24,5ffea9b2ecf7eb23b4db0b1c4f76765d,delivered,2017/12/6 8:47,2017/12/6 8:57,2017/12/6 23:48,2017/12/23 18:14,2018/1/4 0:00
02624f7cd7272b3e027320023dbdc99b,5cc48607521a18de6b6e2eeaace14501,delivered,2017/10/10 9:37,2017/10/12 2:31,2017/10/18 21:52,2017/10/25 17:44,2017/11/17 0:00
0263464225bdea582f602c369c2b6061,f36723822267d804066b22ef8b5eb655,delivered,2018/4/4 22:23,2018/4/4 22:35,2018/4/6 17:54,2018/4/30 13:51,2018/5/7 0:00
026381d57420b32237d7d89a8daf21c9,797525177b28cb08ae6d244ca133823d,delivered,2017/7/9 16:25,2017/7/9 16:35,2017/7/10 21:23,2017/7/17 18:13,2017/8/3 0:00
02640665fed0e2c2cdbe0f266a2aa1f2,0bdaa2e4eb24874165d8a289092f7407,delivered,2018/8/9 13:26,2018/8/9 14:30,2018/8/10 15:50,2018/8/29 21:22,2018/8/31 0:00
02645c905eb7d1591a679f9bc3b669fd,7d81b5f1ff0e0a22a9496943f1df6cbd,delivered,2018/1/26 16:09,2018/1/27 2:41,2018/1/29 17:19,2018/1/30 14:48,2018/2/9 0:00
02659c8edf02d1cb48b8b388ac7da90e,c6ea5fee4779628bf4d55977fec66560,delivered,2018/4/10 16:18,2018/4/10 16:35,2018/4/11 18:05,2018/4/23 15:18,2018/5/3 0:00
0265de29d2bf47d85101018e7f7d4ff6,adf1ecaca5e192f1356ed0760e5432ae,delivered,2017/4/30 7:43,2017/4/30 7:55,2017/5/10 18:41,2017/5/18 8:19,2017/6/6 0:00
02661696e065aa02977870f3a87940ab,e3495901f796d61ae2604a9784306f61,delivered,2017/12/14 20:52,2017/12/14 20:59,2017/12/19 16:58,2017/12/21 19:16,2018/1/9 0:00
02671152ed141efc95384bdd230bc544,08ebd000e60012404de32cacee764799,delivered,2017/11/26 21:33,2017/11/26 21:53,2017/11/28 14:23,2017/12/12 19:33,2017/12/20 0:00
0267556bb9e07f6184470cf755f5b5da,aae14cc68c254aa377d8a2139e3c7c72,delivered,2017/5/6 22:56,2017/5/6 23:10,2017/5/9 7:44,2017/5/30 12:55,2017/6/2 0:00
02680f764ca402aabbb86572ed2731ef,30aeb7b5117f7b889862eaa74b545e2d,delivered,2017/5/28 17:18,2017/5/28 17:30,2017/5/30 10:11,2017/5/31 5:49,2017/6/19 0:00
0268c75309d105bb28b7523f57f46a69,f4608a440b868f3f57f378c4b8cd643f,delivered,2018/3/31 17:15,2018/3/31 17:27,2018/4/3 16:18,2018/5/7 21:04,2018/4/26 0:00
0268f664f7833aa949da2eae5321aa5b,0e5cde0fdd1709898292a48802e28144,delivered,2017/4/27 23:32,2017/4/29 2:43,2017/5/12 17:19,2017/5/18 9:26,2017/5/31 0:00
026a69b8c98fbfc61de9050c41f1dd95,5441451c5c5d190466e7afbf2adc1c19,delivered,2018/3/8 9:24,2018/3/9 9:28,2018/3/10 5:16,2018/3/11 18:58,2018/3/20 0:00
026a8d09914c519feb34944477b6bd41,47a9d5ffbfeea9fd0290d4c461d7a169,delivered,2017/8/27 12:57,2017/8/27 13:05,2017/8/28 18:56,2017/9/9 14:03,2017/10/4 0:00
026b41054c5e6b7a4e94a971bb94193c,1e0cf6a24bb919d69e632aba60a69ead,delivered,2017/2/3 18:25,2017/2/3 18:35,2017/2/4 8:56,2017/2/11 6:21,2017/3/10 0:00
026d16bd3f41638e1003e974e5487904,e3d123ca587e904151c6ee18f3481f99,delivered,2017/9/12 8:55,2017/9/13 3:24,2017/9/18 13:50,2017/10/10 15:24,2017/12/5 0:00
026d2c7c84b97eb8854ca3fbdc6ab840,68fda186cf0d78b846df318aeb4e85a0,delivered,2017/3/11 11:54,2017/3/11 11:54,2017/3/17 7:19,2017/3/21 9:08,2017/4/5 0:00
026f3440c258a87c9f6fb9c8e1bbb6e7,7518fa33beeab5aa7ebe84e85d36ef99,delivered,2017/10/18 12:36,2017/10/20 2:46,2017/10/23 21:12,2017/11/8 13:42,2017/10/30 0:00
02701a0103fedd7310a8d575f9a8d291,92e2508e660317ea7b5be007a5e38e7a,delivered,2017/7/24 16:08,2017/7/25 6:43,2017/7/26 11:07,2017/7/28 14:13,2017/8/11 0:00
02702047ff5a89b9dd2f5afa7dcff91e,cc1b493af97ae700d97fce303d5af14e,delivered,2017/5/11 23:04,2017/5/11 23:15,2017/5/17 14:10,2017/5/22 16:08,2017/6/2 0:00
027042c68ea5fac4428694e17ac50538,f753500e103533c0f47c35ca41d9923a,delivered,2017/12/12 15:23,2017/12/12 15:38,2017/12/15 19:29,2017/12/28 14:19,2018/1/10 0:00
02714865c4c2f281df219af0a56ffeaa,04449133b1f1b228059b3c539fd03ed7,delivered,2017/11/30 22:21,2017/12/1 10:31,2017/12/6 12:26,2017/12/12 15:36,2017/12/26 0:00
02725851051698269253f0823e7824b6,24b77bdd27f5e6aea7149886b72286ec,delivered,2017/9/4 21:54,2017/9/4 22:05,2017/9/5 18:34,2017/9/8 15:26,2017/9/15 0:00
027286057add812ecb77ad0b23604c06,8f039377398b08c900778a60909d1e49,delivered,2018/3/3 17:11,2018/3/3 17:29,2018/3/5 18:12,2018/3/13 13:21,2018/3/22 0:00
02737086e020bd456ae19e98fee5c186,f3576e2845514e8c7a3a89fd7691c745,delivered,2018/1/17 18:06,2018/1/17 18:17,2018/1/18 23:59,2018/1/26 1:09,2018/2/7 0:00
02742159d4c85a23b993b6f11ae044ea,d179f9e9c42bb8355300f094908ebc7d,delivered,2018/1/15 13:37,2018/1/17 3:36,2018/1/19 20:22,2018/1/22 17:32,2018/1/30 0:00
02748e01a6356d0e5072ac06f4dd0bc4,438df7b1a12e7eb43f99b35531167e0a,delivered,2018/6/4 21:38,2018/6/4 21:53,2018/6/6 13:35,2018/6/14 1:41,2018/6/28 0:00
02754590c907eb40ac34ed9b446970f6,d667ea9696496830a23ff4a8e38db1e3,delivered,2017/8/20 11:09,2017/8/22 7:05,2017/8/23 17:41,2017/9/4 22:33,2017/9/25 0:00
0275c0ac1928093069b95bb67cba52d8,07bb78d58680e12babcfcb21476f9e14,delivered,2018/2/16 16:10,2018/2/16 16:27,2018/2/20 17:23,2018/3/14 11:45,2018/3/19 0:00
0276bd1aea24c642af813980281af144,ad8def83f5b550a3b6e13f1ca084a6df,delivered,2017/3/28 19:34,2017/3/30 2:15,2017/3/31 13:48,2017/4/19 7:15,2017/5/3 0:00
0277e2828b1b5735351d7818e6658ed1,9747b6c6ac1b29b403e491b74feacea7,delivered,2017/9/10 20:50,2017/9/10 21:03,2017/9/11 20:53,2017/9/14 17:47,2017/9/27 0:00
0277fae7eda81470bf6c87dc570e267a,1b7500033ab2ef2a6e9a8e9b9aa3d660,delivered,2018/2/8 20:14,2018/2/8 20:29,2018/2/16 0:57,2018/3/15 20:51,2018/3/9 0:00
027a84a16c22c706669f35d578853f3e,5993edc559f101a53914bdcdd9d230bf,delivered,2018/3/31 14:56,2018/3/31 15:10,2018/4/4 17:53,2018/5/2 17:06,2018/4/23 0:00
027ae252d37e5527c2e109e268b222e2,059571e02973e94b854b30987635dcb1,delivered,2018/5/19 22:18,2018/5/20 22:18,2018/5/22 15:29,2018/6/4 19:26,2018/6/8 0:00
027b013d2186e25c2b82beb3679d0833,752b19f57cd013e2bf4e3c62da5a29e5,shipped,2018/4/11 15:49,2018/4/11 16:10,2018/4/13 20:05,0000-00-00 00:00:00,2018/5/2 0:00
027b81ccdf72434e7346aafdf630ff31,996b18b4ff1e2f7cc85722ef402d1a23,delivered,2018/7/13 9:02,2018/7/14 2:45,2018/7/24 16:07,2018/8/1 19:07,2018/8/20 0:00
027bc78621f14cf45a7ce8dd83bf6516,ba49f69104161f11989bc1bfd6a5d6c3,delivered,2018/4/10 9:45,2018/4/10 9:55,2018/4/12 22:46,2018/4/14 13:48,2018/4/20 0:00
027d2a0c2a94018f57fd1b15f32a18a3,96fde6eddc46595a15abddb41f62af9e,delivered,2018/1/4 16:52,2018/1/5 16:48,2018/1/10 13:22,2018/1/15 21:03,2018/1/29 0:00
027e4543814c3b3509bbe890c569a841,e27201cb2a28267142162d8a9d0585bd,delivered,2018/4/14 14:53,2018/4/14 15:10,2018/4/18 20:24,2018/4/25 19:51,2018/5/16 0:00
027fb2504084c231e857f6cf558a9992,6d1e32657aaa25b6910098474e699e9a,delivered,2017/10/9 23:05,2017/10/9 23:14,2017/10/10 23:34,2017/10/14 0:43,2017/10/27 0:00
028116828b6e9f2b8070f1c4f66c68f0,8f0352cfaa71a939a2aa8dfc4b4165fb,delivered,2017/11/16 12:30,2017/11/16 12:50,2017/11/17 14:18,2017/12/1 18:09,2017/12/12 0:00
0281523bfda80130f35b98f38dfb279b,1048e3bbdf891bd8571eb3739c0c9d2a,delivered,2017/9/22 15:28,2017/9/23 2:33,2017/9/25 20:37,2017/10/3 22:47,2017/10/16 0:00
0281b24682fddf0c7efcaa299b066827,6d68129f050598becc89de9b781c298c,delivered,2018/6/24 15:02,2018/6/24 15:19,2018/6/25 14:08,2018/6/29 15:49,2018/7/16 0:00
0282e83acfe3e7aaf60c871a4a9aca61,c1951203ece4074187b167b92d80f71c,delivered,2018/5/10 20:50,2018/5/11 20:57,2018/5/14 13:25,2018/5/17 17:35,2018/6/5 0:00
028369515408fa864cfe50091d4e76c5,dc9919c18e50e3160afe68a91cfcbc6a,delivered,2017/9/1 16:48,2017/9/1 17:04,2017/9/4 17:36,2017/9/12 18:08,2017/9/20 0:00
0283a5f1680cc866884c09960d2462e3,c5aa3c712cd1b1c509b3adb34dc14187,delivered,2018/5/14 12:34,2018/5/14 12:52,2018/5/15 15:19,2018/5/23 17:51,2018/6/7 0:00
02852b112ad108b3d2b3d4ee198d84a8,c45b7286a9a5cdce0152978d9f615be6,delivered,2017/11/25 11:58,2017/11/26 13:35,2018/1/4 20:18,2018/1/13 20:43,2017/12/22 0:00
028558cddca332b40b4ac4cb77407edf,8401401a8752eb431189e021b8009e37,delivered,2017/6/26 10:26,2017/6/27 10:35,2017/6/30 17:57,2017/7/7 19:44,2017/7/25 0:00
02855eb3e469890c3b741adb0fd64f71,4df9c5a352d450a4788786688945e0a1,delivered,2017/5/12 23:14,2017/5/16 3:22,2017/5/17 10:36,2017/5/23 19:44,2017/6/1 0:00
028587d8834cae89e572f1db671d0419,eb44fe0ac99d141cdadb412aebdc57a0,delivered,2017/8/25 11:21,2017/8/25 11:35,2017/8/28 20:12,2017/9/6 20:04,2017/9/27 0:00
0286c83491d80e29a5f16c150abb76b2,c9d83efae10ff5d47b75d591e2bbbffe,delivered,2017/10/29 16:45,2017/10/29 17:06,2017/10/30 19:03,2017/11/1 15:14,2017/11/10 0:00
0286dd0f954cb641dc3eb5db5e4467e6,f098b709bc90c53838898e66da197e4a,delivered,2017/12/9 9:40,2017/12/12 4:09,2017/12/13 19:47,2017/12/21 21:16,2018/1/10 0:00
0286e258217733541e80588e29c208c1,010583f85dd55d32a6db1068f58ca6f1,delivered,2017/10/8 20:37,2017/10/8 20:49,2017/10/10 21:27,2017/10/21 0:34,2017/11/13 0:00
02870408b4c4492b036a48140f2092ed,1d50170cec4905b52a53fc43cf2eb0f7,delivered,2018/1/21 11:41,2018/1/22 13:47,2018/1/29 18:44,2018/2/5 23:14,2018/3/1 0:00
02875e2e1d01d7a1533215fb97510b06,9f64e91e123214007c18425d4a0be8db,delivered,2017/8/25 11:16,2017/8/26 2:24,2017/8/29 19:06,2017/8/30 14:04,2017/9/8 0:00
02881d166b44a823fd6947e715dfa5e4,16c1bb03adb08d986a62093823959ec6,delivered,2017/9/29 12:31,2017/9/30 2:24,2017/10/4 12:47,2017/10/10 18:59,2017/10/30 0:00
028aa70283170bf3cbfdce2c1b751cfa,f146be55cefde6a5c21dd2c13d699bc8,delivered,2018/8/22 6:46,2018/8/22 7:04,2018/8/22 10:13,2018/8/28 0:29,2018/9/12 0:00
028aa7c930356788f861ed1b7f984819,4f093ba642d31211516e40197a8e3aa6,delivered,2018/1/13 20:35,2018/1/13 20:49,2018/1/15 16:56,2018/1/29 21:51,2018/2/14 0:00
028ad19261e3ad3406ca689348755456,24cb3cfbb2834d6ec16baeef3933d55b,delivered,2017/5/18 15:19,2017/5/18 15:30,2017/5/19 9:51,2017/5/26 10:03,2017/6/16 0:00
028b18bcd128b49e2982741f83b78e77,049e1221c498aac9230d750151d75706,delivered,2018/8/10 21:54,2018/8/10 22:05,2018/8/13 15:13,2018/8/15 12:23,2018/8/15 0:00
028cad58dbd393e348c73435f8192919,a9d2550cb10dd002881bd53c1e65b8e6,delivered,2018/7/2 15:42,2018/7/2 15:55,2018/7/3 15:04,2018/7/11 1:06,2018/7/26 0:00
028d62c0fdae574114981f4fb33b5538,c6908fb668454ce4294172398b33d5ec,delivered,2018/2/27 14:19,2018/2/27 14:35,2018/2/28 19:09,2018/3/28 20:26,2018/3/27 0:00
028dc52e12ddda803ec1e35eb0b7b0d9,8c89a09d8fb33b6e5dc8a769d6b2bd63,delivered,2017/12/19 9:43,2017/12/19 10:53,2017/12/20 16:49,2017/12/21 14:22,2018/1/8 0:00
028df34320b87c04ef6de145db2e8444,053577e4537e6b6b68b9f0e929f27d32,delivered,2018/8/4 15:07,2018/8/4 15:24,2018/8/7 9:38,2018/8/11 0:26,2018/8/15 0:00
028e069ddb78a5a7179f1e6734e226c6,7475f775af7286fdb7c6802eade228bf,delivered,2017/8/20 12:10,2017/8/22 3:45,2017/8/24 19:22,2017/9/12 16:35,2017/9/13 0:00
028e1ce5e085cc7810f340572c316b35,98250a166957267b24eafb8fd85d8415,delivered,2017/5/21 8:03,2017/5/21 9:04,2017/5/23 15:48,2017/5/30 14:24,2017/6/14 0:00
028e37ed7cdd54ad41506f61df708cf9,5bbc72ac56e6c2d61f23a8a91a6ceac6,delivered,2018/4/10 16:44,2018/4/10 16:55,2018/4/11 18:08,2018/4/12 18:37,2018/4/25 0:00
028e8f5a96db8d372890e03d22829e9b,c09962ce82ae80e545818b93530aab09,delivered,2018/4/18 17:15,2018/4/18 17:58,2018/4/19 23:21,2018/4/21 0:11,2018/4/30 0:00
028f5779c98e7df5dc803824bdaae40b,438587a96c7fdbaaa67dd07b72a170df,delivered,2017/10/30 10:44,2017/11/1 3:31,2017/11/1 19:22,2017/11/3 21:27,2017/11/14 0:00
028ffc48d3a4004a010e5847d7266cdb,7ab6bf8e79e131fb7052921a49aabb2c,delivered,2017/7/27 17:28,2017/7/27 17:50,2017/7/28 18:38,2017/8/2 22:22,2017/8/21 0:00
02905bba6aafd777542dacbfa8f4bc2d,d74c3362224f461a90b59790374dd103,delivered,2017/12/9 18:24,2017/12/9 18:32,2017/12/13 12:14,2017/12/26 22:24,2018/1/11 0:00
02913330a2afb68b49bc9c5370bd5517,8ada7e4f6ce429a858423a217c7225a0,delivered,2018/1/28 15:38,2018/1/28 15:58,2018/1/30 10:22,2018/2/14 16:57,2018/2/22 0:00
0292fb46a5e22715459cb9a7b96e7aae,af922db8b1f8ca65d972706774fe6f1a,delivered,2018/4/18 21:43,2018/4/19 2:51,2018/4/20 13:57,2018/4/23 20:02,2018/5/4 0:00
02950daa1214da108fb29cb5a0a3f74e,a884bd002c145c1aa0b57429e7ebbf2b,delivered,2018/6/26 10:57,2018/6/26 11:18,2018/6/26 12:50,2018/6/30 16:32,2018/8/6 0:00
02951078a21a2d9341ea16089a4d5031,6c51ed8c29ff8bc5f3b649dc7315b787,delivered,2017/3/16 15:16,2017/3/23 16:10,2017/3/24 14:42,2017/4/5 17:04,2017/4/19 0:00
02971473bcfb16642904d57bc3be50b8,42dfe5520e445df2b7fa0b6e0cbab834,delivered,2017/6/30 12:41,2017/7/1 12:45,2017/7/3 15:21,2017/7/4 13:27,2017/7/13 0:00
0297a2a062d136015afa9f5d9623818f,2741d30aa289cae1b78c923cf31e6470,delivered,2018/1/28 15:27,2018/1/28 15:34,2018/1/30 14:44,2018/2/14 21:29,2018/2/20 0:00
0297f94a646c942bde497bd200cce1ed,4da495ce705cd190ddf3a36268b61142,delivered,2017/12/26 18:10,2017/12/26 18:27,2017/12/29 20:52,2018/1/10 16:38,2018/1/19 0:00
029863af4b968de1e5d6a82782e662f5,74179773f1f31f3af11c3b3b065115f1,delivered,2017/7/6 9:03,2017/7/6 9:15,2017/7/10 19:43,2017/7/13 20:42,2017/7/31 0:00
029a092ea19290f774d21c51fd7ac45f,2cd8c5d16f98a776a87ccfeb14c0ed33,delivered,2018/1/29 17:33,2018/1/31 13:32,2018/2/1 18:25,2018/2/5 18:17,2018/2/26 0:00
029b1d3a355dec12cfed60927f076a9d,765e479faa5efcbc58b804c84c62cb71,delivered,2018/7/17 17:16,2018/7/17 17:25,2018/7/23 14:28,2018/7/26 20:18,2018/8/17 0:00
029b2daf51dda061aeb1cf32c9306db7,46490458d353247266448e9bdc7bd115,delivered,2018/8/6 16:20,2018/8/6 16:35,2018/8/7 14:22,2018/8/15 19:24,2018/9/4 0:00
029b99b0436c25c8de22cb828831ffa8,a7efc7f9a3444cd0b3d780d5a060b2c6,delivered,2018/7/30 23:11,2018/7/31 23:10,2018/8/3 13:50,2018/8/10 18:07,2018/8/17 0:00
